output/campbells/output/image_vectors/campbells239.jpg.npy,17
output/campbells/output/image_vectors/campbells326.jpg.npy,10
output/campbells/output/image_vectors/progresso300.jpg.npy,10
output/campbells/output/image_vectors/campbells470.jpg.npy,9
output/campbells/output/image_vectors/campbells445.jpg.npy,1
output/campbells/output/image_vectors/progresso231.jpg.npy,19
output/campbells/output/image_vectors/campbells147.jpg.npy,1
output/campbells/output/image_vectors/progresso354.jpg.npy,19
output/campbells/output/image_vectors/progresso310.jpg.npy,8
output/campbells/output/image_vectors/progresso102.jpg.npy,11
output/campbells/output/image_vectors/campbells278.jpg.npy,8
output/campbells/output/image_vectors/campbells850.jpg.npy,2
output/campbells/output/image_vectors/campbells28.jpg.npy,10
output/campbells/output/image_vectors/campbells258.jpg.npy,2
output/campbells/output/image_vectors/progresso53.jpg.npy,0
output/campbells/output/image_vectors/campbells775.jpg.npy,14
output/campbells/output/image_vectors/progresso491.jpg.npy,15
output/campbells/output/image_vectors/campbells547.jpg.npy,1
output/campbells/output/image_vectors/progresso69.jpg.npy,5
output/campbells/output/image_vectors/progresso318.jpg.npy,13
output/campbells/output/image_vectors/campbells456.jpg.npy,17
output/campbells/output/image_vectors/campbells929.jpg.npy,2
output/campbells/output/image_vectors/campbells475.jpg.npy,10
output/campbells/output/image_vectors/campbells108.jpg.npy,10
output/campbells/output/image_vectors/progresso373.jpg.npy,17
output/campbells/output/image_vectors/campbells946.jpg.npy,4
output/campbells/output/image_vectors/campbells757.jpg.npy,12
output/campbells/output/image_vectors/progresso218.jpg.npy,10
output/campbells/output/image_vectors/progresso436.jpg.npy,10
output/campbells/output/image_vectors/campbells91.jpg.npy,10
output/campbells/output/image_vectors/campbells983.jpg.npy,18
output/campbells/output/image_vectors/campbells98.jpg.npy,7
output/campbells/output/image_vectors/progresso265.jpg.npy,8
output/campbells/output/image_vectors/progresso316.jpg.npy,13
output/campbells/output/image_vectors/progresso281.jpg.npy,10
output/campbells/output/image_vectors/campbells799.jpg.npy,2
output/campbells/output/image_vectors/progresso269.jpg.npy,14
output/campbells/output/image_vectors/progresso440.jpg.npy,12
output/campbells/output/image_vectors/campbells233.jpg.npy,7
output/campbells/output/image_vectors/campbells110.jpg.npy,3
output/campbells/output/image_vectors/progresso315.jpg.npy,8
output/campbells/output/image_vectors/progresso277.jpg.npy,14
output/campbells/output/image_vectors/campbells1007.jpg.npy,12
output/campbells/output/image_vectors/progresso229.jpg.npy,14
output/campbells/output/image_vectors/campbells519.jpg.npy,11
output/campbells/output/image_vectors/progresso296.jpg.npy,10
output/campbells/output/image_vectors/campbells69.jpg.npy,8
output/campbells/output/image_vectors/progresso68.jpg.npy,7
output/campbells/output/image_vectors/progresso205.jpg.npy,19
output/campbells/output/image_vectors/progresso55.jpg.npy,2
output/campbells/output/image_vectors/campbells766.jpg.npy,10
output/campbells/output/image_vectors/campbells930.jpg.npy,2
output/campbells/output/image_vectors/progresso434.jpg.npy,19
output/campbells/output/image_vectors/campbells337.jpg.npy,10
output/campbells/output/image_vectors/campbells816.jpg.npy,6
output/campbells/output/image_vectors/progresso29.jpg.npy,14
output/campbells/output/image_vectors/campbells560.jpg.npy,10
output/campbells/output/image_vectors/campbells531.jpg.npy,10
output/campbells/output/image_vectors/campbells525.jpg.npy,3
output/campbells/output/image_vectors/campbells148.jpg.npy,8
output/campbells/output/image_vectors/campbells432.jpg.npy,8
output/campbells/output/image_vectors/progresso52.jpg.npy,0
output/campbells/output/image_vectors/campbells693.jpg.npy,11
output/campbells/output/image_vectors/campbells591.jpg.npy,1
output/campbells/output/image_vectors/progresso12.jpg.npy,8
output/campbells/output/image_vectors/campbells104.jpg.npy,6
output/campbells/output/image_vectors/progresso129.jpg.npy,16
output/campbells/output/image_vectors/campbells113.jpg.npy,7
output/campbells/output/image_vectors/campbells377.jpg.npy,1
output/campbells/output/image_vectors/campbells236.jpg.npy,12
output/campbells/output/image_vectors/campbells311.jpg.npy,17
output/campbells/output/image_vectors/progresso427.jpg.npy,7
output/campbells/output/image_vectors/progresso21.jpg.npy,2
output/campbells/output/image_vectors/campbells151.jpg.npy,10
output/campbells/output/image_vectors/campbells14.jpg.npy,17
output/campbells/output/image_vectors/campbells241.jpg.npy,19
output/campbells/output/image_vectors/campbells382.jpg.npy,10
output/campbells/output/image_vectors/progresso184.jpg.npy,19
output/campbells/output/image_vectors/progresso214.jpg.npy,0
output/campbells/output/image_vectors/campbells249.jpg.npy,17
output/campbells/output/image_vectors/progresso495.jpg.npy,15
output/campbells/output/image_vectors/progresso213.jpg.npy,0
output/campbells/output/image_vectors/campbells374.jpg.npy,9
output/campbells/output/image_vectors/campbells111.jpg.npy,7
output/campbells/output/image_vectors/campbells34.jpg.npy,17
output/campbells/output/image_vectors/campbells958.jpg.npy,8
output/campbells/output/image_vectors/progresso500.jpg.npy,15
output/campbells/output/image_vectors/campbells2.jpg.npy,10
output/campbells/output/image_vectors/campbells413.jpg.npy,3
output/campbells/output/image_vectors/campbells895.jpg.npy,10
output/campbells/output/image_vectors/campbells764.jpg.npy,6
output/campbells/output/image_vectors/progresso189.jpg.npy,19
output/campbells/output/image_vectors/campbells353.jpg.npy,9
output/campbells/output/image_vectors/progresso356.jpg.npy,2
output/campbells/output/image_vectors/campbells596.jpg.npy,9
output/campbells/output/image_vectors/progresso119.jpg.npy,13
output/campbells/output/image_vectors/progresso211.jpg.npy,7
output/campbells/output/image_vectors/campbells758.jpg.npy,10
output/campbells/output/image_vectors/campbells127.jpg.npy,9
output/campbells/output/image_vectors/campbells128.jpg.npy,3
output/campbells/output/image_vectors/campbells37.jpg.npy,5
output/campbells/output/image_vectors/campbells716.jpg.npy,10
output/campbells/output/image_vectors/campbells906.jpg.npy,5
output/campbells/output/image_vectors/progresso81.jpg.npy,14
output/campbells/output/image_vectors/campbells697.jpg.npy,8
output/campbells/output/image_vectors/campbells344.jpg.npy,11
output/campbells/output/image_vectors/campbells237.jpg.npy,9
output/campbells/output/image_vectors/progresso196.jpg.npy,19
output/campbells/output/image_vectors/campbells275.jpg.npy,8
output/campbells/output/image_vectors/campbells993.jpg.npy,4
output/campbells/output/image_vectors/campbells974.jpg.npy,4
output/campbells/output/image_vectors/campbells892.jpg.npy,3
output/campbells/output/image_vectors/cupnoodles20.jpg.npy,3
output/campbells/output/image_vectors/campbells650.jpg.npy,0
output/campbells/output/image_vectors/campbells527.jpg.npy,12
output/campbells/output/image_vectors/campbells164.jpg.npy,5
output/campbells/output/image_vectors/campbells999.jpg.npy,18
output/campbells/output/image_vectors/cupnoodles5.jpg.npy,1
output/campbells/output/image_vectors/campbells243.jpg.npy,8
output/campbells/output/image_vectors/campbells366.jpg.npy,9
output/campbells/output/image_vectors/progresso148.jpg.npy,16
output/campbells/output/image_vectors/progresso197.jpg.npy,10
output/campbells/output/image_vectors/campbells551.jpg.npy,6
output/campbells/output/image_vectors/campbells86.jpg.npy,7
output/campbells/output/image_vectors/campbells915.jpg.npy,3
output/campbells/output/image_vectors/campbells864.jpg.npy,17
output/campbells/output/image_vectors/cupnoodles19.jpg.npy,10
output/campbells/output/image_vectors/campbells1.jpg.npy,2
output/campbells/output/image_vectors/campbells345.jpg.npy,12
output/campbells/output/image_vectors/progresso137.jpg.npy,6
output/campbells/output/image_vectors/campbells272.jpg.npy,11
output/campbells/output/image_vectors/campbells652.jpg.npy,14
output/campbells/output/image_vectors/progresso372.jpg.npy,13
output/campbells/output/image_vectors/progresso16.jpg.npy,0
output/campbells/output/image_vectors/campbells191.jpg.npy,7
output/campbells/output/image_vectors/progresso67.jpg.npy,2
output/campbells/output/image_vectors/campbells558.jpg.npy,10
output/campbells/output/image_vectors/campbells945.jpg.npy,4
output/campbells/output/image_vectors/campbells649.jpg.npy,12
output/campbells/output/image_vectors/campbells392.jpg.npy,10
output/campbells/output/image_vectors/progresso131.jpg.npy,16
output/campbells/output/image_vectors/campbells818.jpg.npy,17
output/campbells/output/image_vectors/campbells87.jpg.npy,2
output/campbells/output/image_vectors/progresso465.jpg.npy,2
output/campbells/output/image_vectors/progresso210.jpg.npy,7
output/campbells/output/image_vectors/campbells85.jpg.npy,8
output/campbells/output/image_vectors/progresso220.jpg.npy,7
output/campbells/output/image_vectors/progresso250.jpg.npy,12
output/campbells/output/image_vectors/campbells894.jpg.npy,10
output/campbells/output/image_vectors/progresso257.jpg.npy,19
output/campbells/output/image_vectors/progresso350.jpg.npy,10
output/campbells/output/image_vectors/campbells226.jpg.npy,6
output/campbells/output/image_vectors/progresso437.jpg.npy,15
output/campbells/output/image_vectors/progresso136.jpg.npy,16
output/campbells/output/image_vectors/progresso18.jpg.npy,0
output/campbells/output/image_vectors/campbells143.jpg.npy,6
output/campbells/output/image_vectors/campbells957.jpg.npy,4
output/campbells/output/image_vectors/campbells61.jpg.npy,3
output/campbells/output/image_vectors/progresso502.jpg.npy,17
output/campbells/output/image_vectors/campbells454.jpg.npy,10
output/campbells/output/image_vectors/campbells142.jpg.npy,10
output/campbells/output/image_vectors/progresso244.jpg.npy,8
output/campbells/output/image_vectors/campbells426.jpg.npy,1
output/campbells/output/image_vectors/progresso345.jpg.npy,12
output/campbells/output/image_vectors/progresso198.jpg.npy,19
output/campbells/output/image_vectors/progresso449.jpg.npy,10
output/campbells/output/image_vectors/campbells370.jpg.npy,10
output/campbells/output/image_vectors/campbells936.jpg.npy,10
output/campbells/output/image_vectors/campbells855.jpg.npy,19
output/campbells/output/image_vectors/progresso390.jpg.npy,12
output/campbells/output/image_vectors/progresso391.jpg.npy,7
output/campbells/output/image_vectors/progresso172.jpg.npy,19
output/campbells/output/image_vectors/progresso374.jpg.npy,0
output/campbells/output/image_vectors/progresso346.jpg.npy,2
output/campbells/output/image_vectors/campbells121.jpg.npy,17
output/campbells/output/image_vectors/campbells995.jpg.npy,4
output/campbells/output/image_vectors/campbells376.jpg.npy,2
output/campbells/output/image_vectors/campbells538.jpg.npy,5
output/campbells/output/image_vectors/campbells305.jpg.npy,6
output/campbells/output/image_vectors/campbells881.jpg.npy,17
output/campbells/output/image_vectors/progresso191.jpg.npy,0
output/campbells/output/image_vectors/campbells668.jpg.npy,5
output/campbells/output/image_vectors/campbells658.jpg.npy,12
output/campbells/output/image_vectors/campbells320.jpg.npy,14
output/campbells/output/image_vectors/progresso402.jpg.npy,12
output/campbells/output/image_vectors/progresso118.jpg.npy,13
output/campbells/output/image_vectors/progresso475.jpg.npy,2
output/campbells/output/image_vectors/campbells737.jpg.npy,2
output/campbells/output/image_vectors/campbells306.jpg.npy,3
output/campbells/output/image_vectors/campbells494.jpg.npy,17
output/campbells/output/image_vectors/campbells597.jpg.npy,17
output/campbells/output/image_vectors/campbells975.jpg.npy,4
output/campbells/output/image_vectors/campbells996.jpg.npy,4
output/campbells/output/image_vectors/campbells165.jpg.npy,5
output/campbells/output/image_vectors/progresso335.jpg.npy,5
output/campbells/output/image_vectors/campbells563.jpg.npy,6
output/campbells/output/image_vectors/campbells177.jpg.npy,3
output/campbells/output/image_vectors/progresso331.jpg.npy,8
output/campbells/output/image_vectors/progresso444.jpg.npy,2
output/campbells/output/image_vectors/campbells666.jpg.npy,17
output/campbells/output/image_vectors/campbells669.jpg.npy,12
output/campbells/output/image_vectors/campbells293.jpg.npy,8
output/campbells/output/image_vectors/campbells342.jpg.npy,3
output/campbells/output/image_vectors/progresso466.jpg.npy,2
output/campbells/output/image_vectors/progresso358.jpg.npy,8
output/campbells/output/image_vectors/progresso458.jpg.npy,17
output/campbells/output/image_vectors/campbells57.jpg.npy,3
output/campbells/output/image_vectors/campbells431.jpg.npy,12
output/campbells/output/image_vectors/progresso76.jpg.npy,5
output/campbells/output/image_vectors/campbells355.jpg.npy,17
output/campbells/output/image_vectors/campbells13.jpg.npy,10
output/campbells/output/image_vectors/campbells911.jpg.npy,1
output/campbells/output/image_vectors/campbells455.jpg.npy,12
output/campbells/output/image_vectors/campbells36.jpg.npy,5
output/campbells/output/image_vectors/campbells102.jpg.npy,19
output/campbells/output/image_vectors/progresso447.jpg.npy,14
output/campbells/output/image_vectors/campbells789.jpg.npy,10
output/campbells/output/image_vectors/campbells292.jpg.npy,5
output/campbells/output/image_vectors/campbells210.jpg.npy,12
output/campbells/output/image_vectors/campbells100.jpg.npy,3
output/campbells/output/image_vectors/campbells724.jpg.npy,10
output/campbells/output/image_vectors/campbells27.jpg.npy,5
output/campbells/output/image_vectors/progresso5.jpg.npy,7
output/campbells/output/image_vectors/campbells776.jpg.npy,14
output/campbells/output/image_vectors/campbells910.jpg.npy,4
output/campbells/output/image_vectors/campbells172.jpg.npy,12
output/campbells/output/image_vectors/progresso284.jpg.npy,0
output/campbells/output/image_vectors/campbells877.jpg.npy,13
output/campbells/output/image_vectors/campbells677.jpg.npy,14
output/campbells/output/image_vectors/progresso1.jpg.npy,0
output/campbells/output/image_vectors/campbells717.jpg.npy,3
output/campbells/output/image_vectors/progresso485.jpg.npy,12
output/campbells/output/image_vectors/campbells192.jpg.npy,9
output/campbells/output/image_vectors/progresso92.jpg.npy,6
output/campbells/output/image_vectors/campbells635.jpg.npy,17
output/campbells/output/image_vectors/campbells735.jpg.npy,8
output/campbells/output/image_vectors/campbells830.jpg.npy,3
output/campbells/output/image_vectors/campbells378.jpg.npy,17
output/campbells/output/image_vectors/progresso442.jpg.npy,14
output/campbells/output/image_vectors/campbells561.jpg.npy,10
output/campbells/output/image_vectors/campbells990.jpg.npy,18
output/campbells/output/image_vectors/progresso37.jpg.npy,0
output/campbells/output/image_vectors/campbells671.jpg.npy,8
output/campbells/output/image_vectors/campbells135.jpg.npy,11
output/campbells/output/image_vectors/campbells576.jpg.npy,10
output/campbells/output/image_vectors/progresso141.jpg.npy,16
output/campbells/output/image_vectors/campbells833.jpg.npy,10
output/campbells/output/image_vectors/campbells446.jpg.npy,1
output/campbells/output/image_vectors/campbells319.jpg.npy,9
output/campbells/output/image_vectors/progresso507.jpg.npy,12
output/campbells/output/image_vectors/progresso193.jpg.npy,7
output/campbells/output/image_vectors/progresso322.jpg.npy,2
output/campbells/output/image_vectors/progresso89.jpg.npy,12
output/campbells/output/image_vectors/campbells468.jpg.npy,6
output/campbells/output/image_vectors/progresso443.jpg.npy,2
output/campbells/output/image_vectors/progresso186.jpg.npy,7
output/campbells/output/image_vectors/campbells157.jpg.npy,13
output/campbells/output/image_vectors/campbells492.jpg.npy,6
output/campbells/output/image_vectors/campbells745.jpg.npy,1
output/campbells/output/image_vectors/progresso327.jpg.npy,13
output/campbells/output/image_vectors/campbells435.jpg.npy,11
output/campbells/output/image_vectors/campbells339.jpg.npy,12
output/campbells/output/image_vectors/campbells284.jpg.npy,19
output/campbells/output/image_vectors/progresso48.jpg.npy,12
output/campbells/output/image_vectors/campbells844.jpg.npy,9
output/campbells/output/image_vectors/campbells514.jpg.npy,10
output/campbells/output/image_vectors/campbells139.jpg.npy,3
output/campbells/output/image_vectors/campbells318.jpg.npy,9
output/campbells/output/image_vectors/campbells459.jpg.npy,11
output/campbells/output/image_vectors/campbells350.jpg.npy,3
output/campbells/output/image_vectors/campbells632.jpg.npy,6
output/campbells/output/image_vectors/campbells379.jpg.npy,6
output/campbells/output/image_vectors/progresso103.jpg.npy,13
output/campbells/output/image_vectors/campbells463.jpg.npy,9
output/campbells/output/image_vectors/campbells314.jpg.npy,3
output/campbells/output/image_vectors/campbells962.jpg.npy,5
output/campbells/output/image_vectors/progresso169.jpg.npy,19
output/campbells/output/image_vectors/campbells546.jpg.npy,9
output/campbells/output/image_vectors/campbells913.jpg.npy,11
output/campbells/output/image_vectors/campbells211.jpg.npy,8
output/campbells/output/image_vectors/progresso80.jpg.npy,5
output/campbells/output/image_vectors/campbells982.jpg.npy,18
output/campbells/output/image_vectors/campbells510.jpg.npy,9
output/campbells/output/image_vectors/campbells200.jpg.npy,17
output/campbells/output/image_vectors/progresso195.jpg.npy,0
output/campbells/output/image_vectors/progresso150.jpg.npy,16
output/campbells/output/image_vectors/campbells721.jpg.npy,5
output/campbells/output/image_vectors/campbells202.jpg.npy,9
output/campbells/output/image_vectors/campbells411.jpg.npy,8
output/campbells/output/image_vectors/campbells618.jpg.npy,11
output/campbells/output/image_vectors/campbells754.jpg.npy,8
output/campbells/output/image_vectors/campbells593.jpg.npy,17
output/campbells/output/image_vectors/campbells474.jpg.npy,6
output/campbells/output/image_vectors/campbells422.jpg.npy,17
output/campbells/output/image_vectors/progresso135.jpg.npy,11
output/campbells/output/image_vectors/campbells184.jpg.npy,3
output/campbells/output/image_vectors/progresso166.jpg.npy,5
output/campbells/output/image_vectors/campbells235.jpg.npy,6
output/campbells/output/image_vectors/campbells299.jpg.npy,1
output/campbells/output/image_vectors/campbells731.jpg.npy,19
output/campbells/output/image_vectors/progresso19.jpg.npy,18
output/campbells/output/image_vectors/campbells516.jpg.npy,9
output/campbells/output/image_vectors/campbells40.jpg.npy,8
output/campbells/output/image_vectors/campbells428.jpg.npy,17
output/campbells/output/image_vectors/progresso415.jpg.npy,5
output/campbells/output/image_vectors/campbells221.jpg.npy,12
output/campbells/output/image_vectors/campbells692.jpg.npy,6
output/campbells/output/image_vectors/progresso317.jpg.npy,2
output/campbells/output/image_vectors/progresso182.jpg.npy,8
output/campbells/output/image_vectors/campbells493.jpg.npy,8
output/campbells/output/image_vectors/campbells823.jpg.npy,10
output/campbells/output/image_vectors/progresso241.jpg.npy,2
output/campbells/output/image_vectors/campbells90.jpg.npy,10
output/campbells/output/image_vectors/campbells887.jpg.npy,10
output/campbells/output/image_vectors/campbells782.jpg.npy,14
output/campbells/output/image_vectors/campbells540.jpg.npy,8
output/campbells/output/image_vectors/campbells843.jpg.npy,10
output/campbells/output/image_vectors/campbells273.jpg.npy,8
output/campbells/output/image_vectors/campbells763.jpg.npy,2
output/campbells/output/image_vectors/campbells407.jpg.npy,3
output/campbells/output/image_vectors/campbells505.jpg.npy,0
output/campbells/output/image_vectors/progresso313.jpg.npy,2
output/campbells/output/image_vectors/campbells11.jpg.npy,12
output/campbells/output/image_vectors/progresso101.jpg.npy,16
output/campbells/output/image_vectors/campbells840.jpg.npy,8
output/campbells/output/image_vectors/campbells529.jpg.npy,14
output/campbells/output/image_vectors/campbells654.jpg.npy,10
output/campbells/output/image_vectors/campbells687.jpg.npy,17
output/campbells/output/image_vectors/campbells265.jpg.npy,11
output/campbells/output/image_vectors/campbells751.jpg.npy,8
output/campbells/output/image_vectors/progresso285.jpg.npy,8
output/campbells/output/image_vectors/campbells330.jpg.npy,3
output/campbells/output/image_vectors/campbells612.jpg.npy,10
output/campbells/output/image_vectors/progresso72.jpg.npy,0
output/campbells/output/image_vectors/progresso508.jpg.npy,5
output/campbells/output/image_vectors/campbells436.jpg.npy,17
output/campbells/output/image_vectors/progresso416.jpg.npy,13
output/campbells/output/image_vectors/campbells429.jpg.npy,17
output/campbells/output/image_vectors/campbells869.jpg.npy,14
output/campbells/output/image_vectors/campbells634.jpg.npy,10
output/campbells/output/image_vectors/campbells247.jpg.npy,8
output/campbells/output/image_vectors/progresso334.jpg.npy,13
output/campbells/output/image_vectors/campbells88.jpg.npy,19
output/campbells/output/image_vectors/progresso326.jpg.npy,5
output/campbells/output/image_vectors/campbells528.jpg.npy,14
output/campbells/output/image_vectors/progresso105.jpg.npy,11
output/campbells/output/image_vectors/campbells222.jpg.npy,10
output/campbells/output/image_vectors/campbells875.jpg.npy,19
output/campbells/output/image_vectors/progresso280.jpg.npy,10
output/campbells/output/image_vectors/progresso504.jpg.npy,15
output/campbells/output/image_vectors/cupnoodles17.jpg.npy,10
output/campbells/output/image_vectors/progresso463.jpg.npy,2
output/campbells/output/image_vectors/progresso473.jpg.npy,2
output/campbells/output/image_vectors/progresso234.jpg.npy,8
output/campbells/output/image_vectors/campbells476.jpg.npy,10
output/campbells/output/image_vectors/campbells814.jpg.npy,6
output/campbells/output/image_vectors/campbells661.jpg.npy,8
output/campbells/output/image_vectors/campbells448.jpg.npy,1
output/campbells/output/image_vectors/progresso342.jpg.npy,8
output/campbells/output/image_vectors/campbells116.jpg.npy,10
output/campbells/output/image_vectors/campbells146.jpg.npy,10
output/campbells/output/image_vectors/campbells950.jpg.npy,18
output/campbells/output/image_vectors/campbells854.jpg.npy,2
output/campbells/output/image_vectors/campbells643.jpg.npy,12
output/campbells/output/image_vectors/progresso54.jpg.npy,12
output/campbells/output/image_vectors/campbells585.jpg.npy,8
output/campbells/output/image_vectors/progresso347.jpg.npy,13
output/campbells/output/image_vectors/campbells657.jpg.npy,11
output/campbells/output/image_vectors/campbells93.jpg.npy,9
output/campbells/output/image_vectors/progresso259.jpg.npy,10
output/campbells/output/image_vectors/campbells862.jpg.npy,1
output/campbells/output/image_vectors/campbells52.jpg.npy,6
output/campbells/output/image_vectors/campbells496.jpg.npy,8
output/campbells/output/image_vectors/progresso263.jpg.npy,12
output/campbells/output/image_vectors/campbells181.jpg.npy,12
output/campbells/output/image_vectors/progresso99.jpg.npy,0
output/campbells/output/image_vectors/campbells842.jpg.npy,10
output/campbells/output/image_vectors/progresso289.jpg.npy,5
output/campbells/output/image_vectors/campbells212.jpg.npy,17
output/campbells/output/image_vectors/campbells755.jpg.npy,8
output/campbells/output/image_vectors/progresso163.jpg.npy,5
output/campbells/output/image_vectors/campbells615.jpg.npy,9
output/campbells/output/image_vectors/campbells535.jpg.npy,8
output/campbells/output/image_vectors/progresso496.jpg.npy,15
output/campbells/output/image_vectors/campbells760.jpg.npy,3
output/campbells/output/image_vectors/progresso212.jpg.npy,19
output/campbells/output/image_vectors/progresso330.jpg.npy,13
output/campbells/output/image_vectors/campbells103.jpg.npy,11
output/campbells/output/image_vectors/campbells744.jpg.npy,6
output/campbells/output/image_vectors/campbells691.jpg.npy,3
output/campbells/output/image_vectors/progresso40.jpg.npy,17
output/campbells/output/image_vectors/progresso413.jpg.npy,5
output/campbells/output/image_vectors/campbells507.jpg.npy,0
output/campbells/output/image_vectors/progresso460.jpg.npy,1
output/campbells/output/image_vectors/progresso124.jpg.npy,19
output/campbells/output/image_vectors/progresso201.jpg.npy,19
output/campbells/output/image_vectors/progresso292.jpg.npy,1
output/campbells/output/image_vectors/campbells517.jpg.npy,14
output/campbells/output/image_vectors/campbells753.jpg.npy,17
output/campbells/output/image_vectors/campbells384.jpg.npy,10
output/campbells/output/image_vectors/campbells923.jpg.npy,5
output/campbells/output/image_vectors/campbells133.jpg.npy,3
output/campbells/output/image_vectors/campbells571.jpg.npy,17
output/campbells/output/image_vectors/campbells629.jpg.npy,8
output/campbells/output/image_vectors/progresso243.jpg.npy,8
output/campbells/output/image_vectors/campbells131.jpg.npy,12
output/campbells/output/image_vectors/campbells947.jpg.npy,4
output/campbells/output/image_vectors/campbells893.jpg.npy,10
output/campbells/output/image_vectors/cupnoodles3.jpg.npy,3
output/campbells/output/image_vectors/campbells909.jpg.npy,13
output/campbells/output/image_vectors/campbells520.jpg.npy,6
output/campbells/output/image_vectors/campbells967.jpg.npy,4
output/campbells/output/image_vectors/campbells599.jpg.npy,2
output/campbells/output/image_vectors/progresso46.jpg.npy,2
output/campbells/output/image_vectors/campbells663.jpg.npy,6
output/campbells/output/image_vectors/campbells49.jpg.npy,10
output/campbells/output/image_vectors/campbells304.jpg.npy,9
output/campbells/output/image_vectors/campbells440.jpg.npy,8
output/campbells/output/image_vectors/progresso370.jpg.npy,5
output/campbells/output/image_vectors/campbells788.jpg.npy,6
output/campbells/output/image_vectors/progresso138.jpg.npy,16
output/campbells/output/image_vectors/campbells341.jpg.npy,12
output/campbells/output/image_vectors/campbells65.jpg.npy,1
output/campbells/output/image_vectors/progresso403.jpg.npy,12
output/campbells/output/image_vectors/campbells552.jpg.npy,9
output/campbells/output/image_vectors/progresso114.jpg.npy,11
output/campbells/output/image_vectors/campbells312.jpg.npy,17
output/campbells/output/image_vectors/campbells189.jpg.npy,9
output/campbells/output/image_vectors/campbells856.jpg.npy,17
output/campbells/output/image_vectors/progresso450.jpg.npy,15
output/campbells/output/image_vectors/progresso459.jpg.npy,5
output/campbells/output/image_vectors/progresso26.jpg.npy,14
output/campbells/output/image_vectors/progresso260.jpg.npy,19
output/campbells/output/image_vectors/progresso20.jpg.npy,14
output/campbells/output/image_vectors/progresso431.jpg.npy,7
output/campbells/output/image_vectors/campbells794.jpg.npy,5
output/campbells/output/image_vectors/campbells4.jpg.npy,19
output/campbells/output/image_vectors/campbells206.jpg.npy,10
output/campbells/output/image_vectors/progresso407.jpg.npy,8
output/campbells/output/image_vectors/campbells289.jpg.npy,14
output/campbells/output/image_vectors/progresso480.jpg.npy,15
output/campbells/output/image_vectors/campbells405.jpg.npy,11
output/campbells/output/image_vectors/campbells485.jpg.npy,3
output/campbells/output/image_vectors/campbells101.jpg.npy,10
output/campbells/output/image_vectors/progresso422.jpg.npy,19
output/campbells/output/image_vectors/campbells285.jpg.npy,3
output/campbells/output/image_vectors/campbells316.jpg.npy,9
output/campbells/output/image_vectors/campbells582.jpg.npy,6
output/campbells/output/image_vectors/campbells118.jpg.npy,9
output/campbells/output/image_vectors/campbells803.jpg.npy,13
output/campbells/output/image_vectors/progresso262.jpg.npy,1
output/campbells/output/image_vectors/progresso498.jpg.npy,15
output/campbells/output/image_vectors/campbells9.jpg.npy,8
output/campbells/output/image_vectors/progresso190.jpg.npy,0
output/campbells/output/image_vectors/campbells252.jpg.npy,17
output/campbells/output/image_vectors/campbells940.jpg.npy,2
output/campbells/output/image_vectors/campbells867.jpg.npy,17
output/campbells/output/image_vectors/progresso320.jpg.npy,13
output/campbells/output/image_vectors/progresso70.jpg.npy,3
output/campbells/output/image_vectors/progresso10.jpg.npy,2
output/campbells/output/image_vectors/campbells653.jpg.npy,17
output/campbells/output/image_vectors/campbells699.jpg.npy,6
output/campbells/output/image_vectors/campbells107.jpg.npy,1
output/campbells/output/image_vectors/campbells610.jpg.npy,9
output/campbells/output/image_vectors/progresso112.jpg.npy,16
output/campbells/output/image_vectors/campbells705.jpg.npy,10
output/campbells/output/image_vectors/progresso194.jpg.npy,19
output/campbells/output/image_vectors/campbells359.jpg.npy,17
output/campbells/output/image_vectors/campbells18.jpg.npy,2
output/campbells/output/image_vectors/progresso501.jpg.npy,1
output/campbells/output/image_vectors/campbells105.jpg.npy,5
output/campbells/output/image_vectors/progresso445.jpg.npy,10
output/campbells/output/image_vectors/campbells948.jpg.npy,4
output/campbells/output/image_vectors/campbells132.jpg.npy,3
output/campbells/output/image_vectors/campbells966.jpg.npy,18
output/campbells/output/image_vectors/campbells949.jpg.npy,4
output/campbells/output/image_vectors/campbells817.jpg.npy,13
output/campbells/output/image_vectors/campbells84.jpg.npy,5
output/campbells/output/image_vectors/campbells267.jpg.npy,8
output/campbells/output/image_vectors/campbells404.jpg.npy,11
output/campbells/output/image_vectors/campbells645.jpg.npy,17
output/campbells/output/image_vectors/campbells500.jpg.npy,8
output/campbells/output/image_vectors/campbells646.jpg.npy,17
output/campbells/output/image_vectors/campbells772.jpg.npy,8
output/campbells/output/image_vectors/campbells655.jpg.npy,14
output/campbells/output/image_vectors/campbells795.jpg.npy,1
output/campbells/output/image_vectors/campbells713.jpg.npy,8
output/campbells/output/image_vectors/campbells193.jpg.npy,7
output/campbells/output/image_vectors/campbells231.jpg.npy,6
output/campbells/output/image_vectors/campbells619.jpg.npy,9
output/campbells/output/image_vectors/campbells452.jpg.npy,17
output/campbells/output/image_vectors/campbells106.jpg.npy,10
output/campbells/output/image_vectors/campbells997.jpg.npy,18
output/campbells/output/image_vectors/progresso73.jpg.npy,8
output/campbells/output/image_vectors/progresso180.jpg.npy,19
output/campbells/output/image_vectors/progresso389.jpg.npy,7
output/campbells/output/image_vectors/campbells686.jpg.npy,17
output/campbells/output/image_vectors/progresso204.jpg.npy,8
output/campbells/output/image_vectors/campbells423.jpg.npy,6
output/campbells/output/image_vectors/campbells70.jpg.npy,8
output/campbells/output/image_vectors/progresso120.jpg.npy,0
output/campbells/output/image_vectors/campbells7.jpg.npy,3
output/campbells/output/image_vectors/campbells329.jpg.npy,9
output/campbells/output/image_vectors/campbells742.jpg.npy,9
output/campbells/output/image_vectors/campbells998.jpg.npy,18
output/campbells/output/image_vectors/progresso252.jpg.npy,17
output/campbells/output/image_vectors/campbells977.jpg.npy,4
output/campbells/output/image_vectors/campbells401.jpg.npy,10
output/campbells/output/image_vectors/progresso145.jpg.npy,16
output/campbells/output/image_vectors/campbells225.jpg.npy,17
output/campbells/output/image_vectors/campbells515.jpg.npy,10
output/campbells/output/image_vectors/progresso282.jpg.npy,0
output/campbells/output/image_vectors/campbells638.jpg.npy,14
output/campbells/output/image_vectors/campbells310.jpg.npy,3
output/campbells/output/image_vectors/campbells120.jpg.npy,5
output/campbells/output/image_vectors/campbells567.jpg.npy,14
output/campbells/output/image_vectors/progresso3.jpg.npy,14
output/campbells/output/image_vectors/campbells286.jpg.npy,3
output/campbells/output/image_vectors/campbells368.jpg.npy,11
output/campbells/output/image_vectors/progresso457.jpg.npy,17
output/campbells/output/image_vectors/campbells223.jpg.npy,6
output/campbells/output/image_vectors/campbells402.jpg.npy,17
output/campbells/output/image_vectors/cupnoodles2.jpg.npy,1
output/campbells/output/image_vectors/campbells168.jpg.npy,17
output/campbells/output/image_vectors/cupnoodles4.jpg.npy,10
output/campbells/output/image_vectors/progresso79.jpg.npy,6
output/campbells/output/image_vectors/campbells628.jpg.npy,8
output/campbells/output/image_vectors/campbells559.jpg.npy,10
output/campbells/output/image_vectors/progresso177.jpg.npy,7
output/campbells/output/image_vectors/campbells418.jpg.npy,8
output/campbells/output/image_vectors/campbells902.jpg.npy,3
output/campbells/output/image_vectors/progresso452.jpg.npy,13
output/campbells/output/image_vectors/progresso22.jpg.npy,4
output/campbells/output/image_vectors/campbells464.jpg.npy,8
output/campbells/output/image_vectors/progresso469.jpg.npy,1
output/campbells/output/image_vectors/cupnoodles7.jpg.npy,9
output/campbells/output/image_vectors/campbells335.jpg.npy,5
output/campbells/output/image_vectors/progresso395.jpg.npy,19
output/campbells/output/image_vectors/campbells447.jpg.npy,17
output/campbells/output/image_vectors/progresso83.jpg.npy,17
output/campbells/output/image_vectors/campbells321.jpg.npy,2
output/campbells/output/image_vectors/campbells360.jpg.npy,11
output/campbells/output/image_vectors/campbells858.jpg.npy,9
output/campbells/output/image_vectors/campbells228.jpg.npy,6
output/campbells/output/image_vectors/progresso106.jpg.npy,19
output/campbells/output/image_vectors/campbells747.jpg.npy,10
output/campbells/output/image_vectors/campbells442.jpg.npy,17
output/campbells/output/image_vectors/progresso111.jpg.npy,11
output/campbells/output/image_vectors/campbells170.jpg.npy,12
output/campbells/output/image_vectors/progresso325.jpg.npy,17
output/campbells/output/image_vectors/campbells740.jpg.npy,3
output/campbells/output/image_vectors/campbells207.jpg.npy,13
output/campbells/output/image_vectors/campbells302.jpg.npy,5
output/campbells/output/image_vectors/campbells357.jpg.npy,11
output/campbells/output/image_vectors/progresso134.jpg.npy,16
output/campbells/output/image_vectors/campbells575.jpg.npy,6
output/campbells/output/image_vectors/progresso216.jpg.npy,0
output/campbells/output/image_vectors/campbells863.jpg.npy,3
output/campbells/output/image_vectors/progresso113.jpg.npy,16
output/campbells/output/image_vectors/campbells417.jpg.npy,10
output/campbells/output/image_vectors/campbells586.jpg.npy,9
output/campbells/output/image_vectors/campbells874.jpg.npy,10
output/campbells/output/image_vectors/campbells521.jpg.npy,3
output/campbells/output/image_vectors/campbells808.jpg.npy,10
output/campbells/output/image_vectors/progresso423.jpg.npy,19
output/campbells/output/image_vectors/campbells689.jpg.npy,8
output/campbells/output/image_vectors/progresso366.jpg.npy,2
output/campbells/output/image_vectors/campbells590.jpg.npy,3
output/campbells/output/image_vectors/campbells497.jpg.npy,5
output/campbells/output/image_vectors/cupnoodles6.jpg.npy,1
output/campbells/output/image_vectors/progresso28.jpg.npy,0
output/campbells/output/image_vectors/campbells178.jpg.npy,14
output/campbells/output/image_vectors/progresso441.jpg.npy,1
output/campbells/output/image_vectors/progresso8.jpg.npy,0
output/campbells/output/image_vectors/campbells544.jpg.npy,1
output/campbells/output/image_vectors/campbells617.jpg.npy,0
output/campbells/output/image_vectors/campbells31.jpg.npy,5
output/campbells/output/image_vectors/progresso158.jpg.npy,11
output/campbells/output/image_vectors/campbells295.jpg.npy,6
output/campbells/output/image_vectors/campbells579.jpg.npy,10
output/campbells/output/image_vectors/campbells381.jpg.npy,1
output/campbells/output/image_vectors/campbells878.jpg.npy,4
output/campbells/output/image_vectors/progresso47.jpg.npy,10
output/campbells/output/image_vectors/progresso227.jpg.npy,2
output/campbells/output/image_vectors/campbells138.jpg.npy,12
output/campbells/output/image_vectors/campbells403.jpg.npy,6
output/campbells/output/image_vectors/progresso454.jpg.npy,13
output/campbells/output/image_vectors/campbells218.jpg.npy,11
output/campbells/output/image_vectors/campbells683.jpg.npy,5
output/campbells/output/image_vectors/campbells63.jpg.npy,10
output/campbells/output/image_vectors/campbells117.jpg.npy,10
output/campbells/output/image_vectors/campbells959.jpg.npy,5
output/campbells/output/image_vectors/campbells736.jpg.npy,6
output/campbells/output/image_vectors/progresso302.jpg.npy,5
output/campbells/output/image_vectors/campbells427.jpg.npy,17
output/campbells/output/image_vectors/progresso461.jpg.npy,17
output/campbells/output/image_vectors/campbells81.jpg.npy,17
output/campbells/output/image_vectors/progresso153.jpg.npy,16
output/campbells/output/image_vectors/campbells924.jpg.npy,5
output/campbells/output/image_vectors/progresso90.jpg.npy,19
output/campbells/output/image_vectors/campbells592.jpg.npy,17
output/campbells/output/image_vectors/campbells17.jpg.npy,19
output/campbells/output/image_vectors/progresso367.jpg.npy,8
output/campbells/output/image_vectors/progresso488.jpg.npy,10
output/campbells/output/image_vectors/progresso170.jpg.npy,7
output/campbells/output/image_vectors/campbells453.jpg.npy,10
output/campbells/output/image_vectors/campbells264.jpg.npy,8
output/campbells/output/image_vectors/campbells780.jpg.npy,14
output/campbells/output/image_vectors/progresso14.jpg.npy,0
output/campbells/output/image_vectors/campbells659.jpg.npy,17
output/campbells/output/image_vectors/progresso228.jpg.npy,0
output/campbells/output/image_vectors/campbells387.jpg.npy,1
output/campbells/output/image_vectors/progresso121.jpg.npy,1
output/campbells/output/image_vectors/campbells790.jpg.npy,17
output/campbells/output/image_vectors/campbells890.jpg.npy,3
output/campbells/output/image_vectors/progresso62.jpg.npy,0
output/campbells/output/image_vectors/campbells761.jpg.npy,3
output/campbells/output/image_vectors/progresso417.jpg.npy,5
output/campbells/output/image_vectors/progresso100.jpg.npy,12
output/campbells/output/image_vectors/campbells623.jpg.npy,10
output/campbells/output/image_vectors/progresso36.jpg.npy,8
output/campbells/output/image_vectors/campbells707.jpg.npy,17
output/campbells/output/image_vectors/progresso96.jpg.npy,6
output/campbells/output/image_vectors/progresso248.jpg.npy,19
output/campbells/output/image_vectors/progresso421.jpg.npy,19
output/campbells/output/image_vectors/campbells296.jpg.npy,12
output/campbells/output/image_vectors/campbells876.jpg.npy,1
output/campbells/output/image_vectors/campbells778.jpg.npy,19
output/campbells/output/image_vectors/campbells847.jpg.npy,10
output/campbells/output/image_vectors/campbells587.jpg.npy,5
output/campbells/output/image_vectors/campbells76.jpg.npy,12
output/campbells/output/image_vectors/campbells951.jpg.npy,18
output/campbells/output/image_vectors/progresso278.jpg.npy,12
output/campbells/output/image_vectors/campbells926.jpg.npy,14
output/campbells/output/image_vectors/campbells956.jpg.npy,4
output/campbells/output/image_vectors/campbells201.jpg.npy,10
output/campbells/output/image_vectors/progresso453.jpg.npy,13
output/campbells/output/image_vectors/campbells371.jpg.npy,17
output/campbells/output/image_vectors/progresso268.jpg.npy,2
output/campbells/output/image_vectors/campbells8.jpg.npy,11
output/campbells/output/image_vectors/campbells89.jpg.npy,19
output/campbells/output/image_vectors/campbells288.jpg.npy,9
output/campbells/output/image_vectors/progresso361.jpg.npy,2
output/campbells/output/image_vectors/progresso348.jpg.npy,7
output/campbells/output/image_vectors/progresso126.jpg.npy,11
output/campbells/output/image_vectors/campbells487.jpg.npy,6
output/campbells/output/image_vectors/campbells253.jpg.npy,7
output/campbells/output/image_vectors/progresso297.jpg.npy,6
output/campbells/output/image_vectors/campbells167.jpg.npy,17
output/campbells/output/image_vectors/campbells578.jpg.npy,2
output/campbells/output/image_vectors/campbells196.jpg.npy,7
output/campbells/output/image_vectors/campbells125.jpg.npy,8
output/campbells/output/image_vectors/progresso133.jpg.npy,11
output/campbells/output/image_vectors/progresso130.jpg.npy,16
output/campbells/output/image_vectors/campbells163.jpg.npy,5
output/campbells/output/image_vectors/progresso341.jpg.npy,7
output/campbells/output/image_vectors/campbells242.jpg.npy,17
output/campbells/output/image_vectors/progresso490.jpg.npy,15
output/campbells/output/image_vectors/campbells126.jpg.npy,3
output/campbells/output/image_vectors/progresso380.jpg.npy,12
output/campbells/output/image_vectors/progresso396.jpg.npy,19
output/campbells/output/image_vectors/campbells784.jpg.npy,1
output/campbells/output/image_vectors/campbells765.jpg.npy,6
output/campbells/output/image_vectors/cupnoodles10.jpg.npy,10
output/campbells/output/image_vectors/campbells917.jpg.npy,1
output/campbells/output/image_vectors/campbells729.jpg.npy,2
output/campbells/output/image_vectors/campbells62.jpg.npy,8
output/campbells/output/image_vectors/campbells690.jpg.npy,8
output/campbells/output/image_vectors/campbells702.jpg.npy,6
output/campbells/output/image_vectors/progresso446.jpg.npy,15
output/campbells/output/image_vectors/progresso33.jpg.npy,14
output/campbells/output/image_vectors/campbells979.jpg.npy,18
output/campbells/output/image_vectors/campbells743.jpg.npy,10
output/campbells/output/image_vectors/cupnoodles18.jpg.npy,10
output/campbells/output/image_vectors/campbells324.jpg.npy,2
output/campbells/output/image_vectors/progresso43.jpg.npy,19
output/campbells/output/image_vectors/campbells835.jpg.npy,17
output/campbells/output/image_vectors/campbells580.jpg.npy,9
output/campbells/output/image_vectors/campbells277.jpg.npy,11
output/campbells/output/image_vectors/campbells263.jpg.npy,5
output/campbells/output/image_vectors/campbells581.jpg.npy,9
output/campbells/output/image_vectors/campbells968.jpg.npy,4
output/campbells/output/image_vectors/progresso179.jpg.npy,11
output/campbells/output/image_vectors/campbells182.jpg.npy,9
output/campbells/output/image_vectors/progresso311.jpg.npy,10
output/campbells/output/image_vectors/campbells115.jpg.npy,10
output/campbells/output/image_vectors/progresso207.jpg.npy,0
output/campbells/output/image_vectors/campbells800.jpg.npy,6
output/campbells/output/image_vectors/campbells465.jpg.npy,10
output/campbells/output/image_vectors/campbells973.jpg.npy,4
output/campbells/output/image_vectors/campbells73.jpg.npy,10
output/campbells/output/image_vectors/campbells616.jpg.npy,9
output/campbells/output/image_vectors/campbells981.jpg.npy,18
output/campbells/output/image_vectors/campbells369.jpg.npy,10
output/campbells/output/image_vectors/progresso471.jpg.npy,15
output/campbells/output/image_vectors/campbells970.jpg.npy,4
output/campbells/output/image_vectors/campbells710.jpg.npy,10
output/campbells/output/image_vectors/progresso328.jpg.npy,13
output/campbells/output/image_vectors/campbells922.jpg.npy,5
output/campbells/output/image_vectors/progresso157.jpg.npy,11
output/campbells/output/image_vectors/progresso376.jpg.npy,0
output/campbells/output/image_vectors/progresso162.jpg.npy,5
output/campbells/output/image_vectors/progresso173.jpg.npy,19
output/campbells/output/image_vectors/campbells727.jpg.npy,19
output/campbells/output/image_vectors/campbells589.jpg.npy,10
output/campbells/output/image_vectors/progresso84.jpg.npy,11
output/campbells/output/image_vectors/campbells884.jpg.npy,10
output/campbells/output/image_vectors/progresso426.jpg.npy,7
output/campbells/output/image_vectors/campbells169.jpg.npy,10
output/campbells/output/image_vectors/campbells746.jpg.npy,8
output/campbells/output/image_vectors/progresso337.jpg.npy,10
output/campbells/output/image_vectors/campbells38.jpg.npy,8
output/campbells/output/image_vectors/campbells685.jpg.npy,14
output/campbells/output/image_vectors/campbells907.jpg.npy,10
output/campbells/output/image_vectors/campbells347.jpg.npy,11
output/campbells/output/image_vectors/campbells644.jpg.npy,12
output/campbells/output/image_vectors/campbells684.jpg.npy,17
output/campbells/output/image_vectors/campbells156.jpg.npy,1
output/campbells/output/image_vectors/campbells244.jpg.npy,12
output/campbells/output/image_vectors/progresso384.jpg.npy,2
output/campbells/output/image_vectors/campbells486.jpg.npy,10
output/campbells/output/image_vectors/progresso235.jpg.npy,0
output/campbells/output/image_vectors/progresso486.jpg.npy,8
output/campbells/output/image_vectors/progresso340.jpg.npy,7
output/campbells/output/image_vectors/progresso387.jpg.npy,12
output/campbells/output/image_vectors/campbells935.jpg.npy,1
output/campbells/output/image_vectors/progresso336.jpg.npy,13
output/campbells/output/image_vectors/campbells227.jpg.npy,6
output/campbells/output/image_vectors/progresso304.jpg.npy,10
output/campbells/output/image_vectors/campbells606.jpg.npy,6
output/campbells/output/image_vectors/progresso287.jpg.npy,5
output/campbells/output/image_vectors/progresso467.jpg.npy,1
output/campbells/output/image_vectors/campbells194.jpg.npy,8
output/campbells/output/image_vectors/campbells598.jpg.npy,12
output/campbells/output/image_vectors/campbells77.jpg.npy,5
output/campbells/output/image_vectors/campbells367.jpg.npy,17
output/campbells/output/image_vectors/campbells542.jpg.npy,8
output/campbells/output/image_vectors/progresso468.jpg.npy,10
output/campbells/output/image_vectors/campbells1004.jpg.npy,4
output/campbells/output/image_vectors/campbells720.jpg.npy,1
output/campbells/output/image_vectors/campbells176.jpg.npy,10
output/campbells/output/image_vectors/progresso49.jpg.npy,10
output/campbells/output/image_vectors/cupnoodles1.jpg.npy,10
output/campbells/output/image_vectors/campbells45.jpg.npy,12
output/campbells/output/image_vectors/campbells827.jpg.npy,12
output/campbells/output/image_vectors/campbells190.jpg.npy,9
output/campbells/output/image_vectors/campbells550.jpg.npy,1
output/campbells/output/image_vectors/campbells415.jpg.npy,1
output/campbells/output/image_vectors/campbells159.jpg.npy,9
output/campbells/output/image_vectors/campbells719.jpg.npy,3
output/campbells/output/image_vectors/campbells385.jpg.npy,17
output/campbells/output/image_vectors/campbells711.jpg.npy,8
output/campbells/output/image_vectors/campbells173.jpg.npy,12
output/campbells/output/image_vectors/campbells458.jpg.npy,17
output/campbells/output/image_vectors/campbells112.jpg.npy,19
output/campbells/output/image_vectors/campbells19.jpg.npy,1
output/campbells/output/image_vectors/progresso506.jpg.npy,12
output/campbells/output/image_vectors/campbells26.jpg.npy,12
output/campbells/output/image_vectors/progresso406.jpg.npy,10
output/campbells/output/image_vectors/progresso476.jpg.npy,2
output/campbells/output/image_vectors/campbells722.jpg.npy,10
output/campbells/output/image_vectors/progresso312.jpg.npy,6
output/campbells/output/image_vectors/progresso477.jpg.npy,15
output/campbells/output/image_vectors/progresso32.jpg.npy,0
output/campbells/output/image_vectors/cupnoodles0.jpg.npy,3
output/campbells/output/image_vectors/campbells787.jpg.npy,14
output/campbells/output/image_vectors/campbells209.jpg.npy,8
output/campbells/output/image_vectors/campbells260.jpg.npy,2
output/campbells/output/image_vectors/campbells375.jpg.npy,10
output/campbells/output/image_vectors/campbells506.jpg.npy,19
output/campbells/output/image_vectors/campbells636.jpg.npy,2
output/campbells/output/image_vectors/progresso59.jpg.npy,6
output/campbells/output/image_vectors/campbells873.jpg.npy,12
output/campbells/output/image_vectors/progresso266.jpg.npy,6
output/campbells/output/image_vectors/campbells779.jpg.npy,14
output/campbells/output/image_vectors/progresso412.jpg.npy,1
output/campbells/output/image_vectors/progresso272.jpg.npy,10
output/campbells/output/image_vectors/campbells396.jpg.npy,10
output/campbells/output/image_vectors/progresso208.jpg.npy,5
output/campbells/output/image_vectors/progresso332.jpg.npy,13
output/campbells/output/image_vectors/campbells798.jpg.npy,8
output/campbells/output/image_vectors/progresso276.jpg.npy,12
output/campbells/output/image_vectors/progresso261.jpg.npy,0
output/campbells/output/image_vectors/progresso63.jpg.npy,13
output/campbells/output/image_vectors/campbells183.jpg.npy,5
output/campbells/output/image_vectors/campbells978.jpg.npy,18
output/campbells/output/image_vectors/campbells153.jpg.npy,12
output/campbells/output/image_vectors/campbells927.jpg.npy,3
output/campbells/output/image_vectors/progresso364.jpg.npy,13
output/campbells/output/image_vectors/progresso497.jpg.npy,15
output/campbells/output/image_vectors/campbells508.jpg.npy,10
output/campbells/output/image_vectors/campbells938.jpg.npy,6
output/campbells/output/image_vectors/progresso487.jpg.npy,10
output/campbells/output/image_vectors/cupnoodles12.jpg.npy,10
output/campbells/output/image_vectors/campbells912.jpg.npy,10
output/campbells/output/image_vectors/progresso369.jpg.npy,8
output/campbells/output/image_vectors/campbells358.jpg.npy,14
output/campbells/output/image_vectors/cupnoodles15.jpg.npy,9
output/campbells/output/image_vectors/campbells928.jpg.npy,2
output/campbells/output/image_vectors/progresso222.jpg.npy,19
output/campbells/output/image_vectors/campbells308.jpg.npy,9
output/campbells/output/image_vectors/campbells94.jpg.npy,8
output/campbells/output/image_vectors/progresso95.jpg.npy,11
output/campbells/output/image_vectors/progresso223.jpg.npy,19
output/campbells/output/image_vectors/campbells879.jpg.npy,4
output/campbells/output/image_vectors/progresso362.jpg.npy,13
output/campbells/output/image_vectors/progresso115.jpg.npy,11
output/campbells/output/image_vectors/progresso57.jpg.npy,12
output/campbells/output/image_vectors/campbells224.jpg.npy,10
output/campbells/output/image_vectors/progresso363.jpg.npy,8
output/campbells/output/image_vectors/progresso176.jpg.npy,7
output/campbells/output/image_vectors/campbells672.jpg.npy,6
output/campbells/output/image_vectors/campbells908.jpg.npy,10
output/campbells/output/image_vectors/campbells1000.jpg.npy,18
output/campbells/output/image_vectors/progresso420.jpg.npy,19
output/campbells/output/image_vectors/campbells240.jpg.npy,17
output/campbells/output/image_vectors/progresso116.jpg.npy,5
output/campbells/output/image_vectors/campbells479.jpg.npy,10
output/campbells/output/image_vectors/campbells522.jpg.npy,9
output/campbells/output/image_vectors/campbells925.jpg.npy,4
output/campbells/output/image_vectors/campbells214.jpg.npy,10
output/campbells/output/image_vectors/campbells665.jpg.npy,17
output/campbells/output/image_vectors/progresso85.jpg.npy,16
output/campbells/output/image_vectors/campbells188.jpg.npy,1
output/campbells/output/image_vectors/campbells756.jpg.npy,14
output/campbells/output/image_vectors/campbells682.jpg.npy,17
output/campbells/output/image_vectors/progresso58.jpg.npy,6
output/campbells/output/image_vectors/progresso242.jpg.npy,14
output/campbells/output/image_vectors/campbells595.jpg.npy,9
output/campbells/output/image_vectors/campbells268.jpg.npy,8
output/campbells/output/image_vectors/campbells473.jpg.npy,17
output/campbells/output/image_vectors/campbells185.jpg.npy,10
output/campbells/output/image_vectors/progresso74.jpg.npy,6
output/campbells/output/image_vectors/campbells931.jpg.npy,17
output/campbells/output/image_vectors/progresso378.jpg.npy,12
output/campbells/output/image_vectors/progresso35.jpg.npy,7
output/campbells/output/image_vectors/progresso286.jpg.npy,17
output/campbells/output/image_vectors/campbells50.jpg.npy,19
output/campbells/output/image_vectors/campbells568.jpg.npy,9
output/campbells/output/image_vectors/progresso155.jpg.npy,11
output/campbells/output/image_vectors/campbells279.jpg.npy,8
output/campbells/output/image_vectors/progresso152.jpg.npy,16
output/campbells/output/image_vectors/progresso107.jpg.npy,19
output/campbells/output/image_vectors/campbells5.jpg.npy,8
output/campbells/output/image_vectors/campbells82.jpg.npy,5
output/campbells/output/image_vectors/campbells317.jpg.npy,17
output/campbells/output/image_vectors/campbells673.jpg.npy,17
output/campbells/output/image_vectors/campbells68.jpg.npy,19
output/campbells/output/image_vectors/campbells439.jpg.npy,17
output/campbells/output/image_vectors/progresso44.jpg.npy,19
output/campbells/output/image_vectors/campbells251.jpg.npy,8
output/campbells/output/image_vectors/campbells824.jpg.npy,8
output/campbells/output/image_vectors/campbells723.jpg.npy,2
output/campbells/output/image_vectors/campbells647.jpg.npy,1
output/campbells/output/image_vectors/progresso464.jpg.npy,17
output/campbells/output/image_vectors/campbells257.jpg.npy,11
output/campbells/output/image_vectors/campbells882.jpg.npy,8
output/campbells/output/image_vectors/campbells92.jpg.npy,6
output/campbells/output/image_vectors/progresso360.jpg.npy,10
output/campbells/output/image_vectors/campbells3.jpg.npy,19
output/campbells/output/image_vectors/campbells356.jpg.npy,2
output/campbells/output/image_vectors/campbells848.jpg.npy,9
output/campbells/output/image_vectors/campbells838.jpg.npy,5
output/campbells/output/image_vectors/campbells828.jpg.npy,10
output/campbells/output/image_vectors/campbells898.jpg.npy,18
output/campbells/output/image_vectors/campbells20.jpg.npy,11
output/campbells/output/image_vectors/progresso493.jpg.npy,15
output/campbells/output/image_vectors/campbells327.jpg.npy,12
output/campbells/output/image_vectors/campbells171.jpg.npy,3
output/campbells/output/image_vectors/progresso9.jpg.npy,7
output/campbells/output/image_vectors/campbells119.jpg.npy,6
output/campbells/output/image_vectors/campbells262.jpg.npy,17
output/campbells/output/image_vectors/progresso394.jpg.npy,19
output/campbells/output/image_vectors/progresso206.jpg.npy,5
output/campbells/output/image_vectors/progresso509.jpg.npy,6
output/campbells/output/image_vectors/campbells1006.jpg.npy,4
output/campbells/output/image_vectors/progresso301.jpg.npy,12
output/campbells/output/image_vectors/campbells332.jpg.npy,13
output/campbells/output/image_vectors/campbells340.jpg.npy,6
output/campbells/output/image_vectors/progresso246.jpg.npy,19
output/campbells/output/image_vectors/campbells149.jpg.npy,8
output/campbells/output/image_vectors/progresso428.jpg.npy,7
output/campbells/output/image_vectors/campbells186.jpg.npy,3
output/campbells/output/image_vectors/progresso489.jpg.npy,15
output/campbells/output/image_vectors/progresso108.jpg.npy,2
output/campbells/output/image_vectors/progresso254.jpg.npy,0
output/campbells/output/image_vectors/campbells204.jpg.npy,9
output/campbells/output/image_vectors/progresso154.jpg.npy,16
output/campbells/output/image_vectors/campbells477.jpg.npy,14
output/campbells/output/image_vectors/campbells714.jpg.npy,12
output/campbells/output/image_vectors/progresso333.jpg.npy,8
output/campbells/output/image_vectors/campbells199.jpg.npy,12
output/campbells/output/image_vectors/progresso351.jpg.npy,19
output/campbells/output/image_vectors/campbells354.jpg.npy,19
output/campbells/output/image_vectors/campbells12.jpg.npy,17
output/campbells/output/image_vectors/campbells35.jpg.npy,17
output/campbells/output/image_vectors/progresso161.jpg.npy,16
output/campbells/output/image_vectors/campbells801.jpg.npy,13
output/campbells/output/image_vectors/campbells662.jpg.npy,10
output/campbells/output/image_vectors/progresso307.jpg.npy,13
output/campbells/output/image_vectors/progresso41.jpg.npy,5
output/campbells/output/image_vectors/campbells703.jpg.npy,5
output/campbells/output/image_vectors/progresso65.jpg.npy,7
output/campbells/output/image_vectors/campbells792.jpg.npy,2
output/campbells/output/image_vectors/campbells397.jpg.npy,10
output/campbells/output/image_vectors/campbells66.jpg.npy,14
output/campbells/output/image_vectors/progresso202.jpg.npy,19
output/campbells/output/image_vectors/campbells180.jpg.npy,9
output/campbells/output/image_vectors/campbells1002.jpg.npy,4
output/campbells/output/image_vectors/progresso146.jpg.npy,11
output/campbells/output/image_vectors/campbells44.jpg.npy,12
output/campbells/output/image_vectors/campbells425.jpg.npy,11
output/campbells/output/image_vectors/campbells41.jpg.npy,8
output/campbells/output/image_vectors/campbells852.jpg.npy,11
output/campbells/output/image_vectors/campbells656.jpg.npy,8
output/campbells/output/image_vectors/progresso127.jpg.npy,16
output/campbells/output/image_vectors/campbells865.jpg.npy,3
output/campbells/output/image_vectors/progresso183.jpg.npy,17
output/campbells/output/image_vectors/campbells59.jpg.npy,5
output/campbells/output/image_vectors/campbells499.jpg.npy,9
output/campbells/output/image_vectors/progresso386.jpg.npy,17
output/campbells/output/image_vectors/campbells555.jpg.npy,10
output/campbells/output/image_vectors/progresso392.jpg.npy,6
output/campbells/output/image_vectors/progresso188.jpg.npy,7
output/campbells/output/image_vectors/campbells10.jpg.npy,10
output/campbells/output/image_vectors/campbells444.jpg.npy,17
output/campbells/output/image_vectors/campbells197.jpg.npy,10
output/campbells/output/image_vectors/progresso299.jpg.npy,1
output/campbells/output/image_vectors/campbells562.jpg.npy,6
output/campbells/output/image_vectors/campbells393.jpg.npy,12
output/campbells/output/image_vectors/progresso385.jpg.npy,7
output/campbells/output/image_vectors/campbells594.jpg.npy,11
output/campbells/output/image_vectors/campbells611.jpg.npy,9
output/campbells/output/image_vectors/campbells365.jpg.npy,11
output/campbells/output/image_vectors/progresso298.jpg.npy,17
output/campbells/output/image_vectors/campbells588.jpg.npy,1
output/campbells/output/image_vectors/campbells217.jpg.npy,19
output/campbells/output/image_vectors/campbells851.jpg.npy,10
output/campbells/output/image_vectors/campbells437.jpg.npy,17
output/campbells/output/image_vectors/progresso267.jpg.npy,19
output/campbells/output/image_vectors/campbells234.jpg.npy,6
output/campbells/output/image_vectors/campbells829.jpg.npy,4
output/campbells/output/image_vectors/campbells346.jpg.npy,8
output/campbells/output/image_vectors/campbells530.jpg.npy,10
output/campbells/output/image_vectors/progresso306.jpg.npy,13
output/campbells/output/image_vectors/campbells734.jpg.npy,10
output/campbells/output/image_vectors/campbells274.jpg.npy,8
output/campbells/output/image_vectors/progresso319.jpg.npy,10
output/campbells/output/image_vectors/campbells549.jpg.npy,1
output/campbells/output/image_vectors/campbells466.jpg.npy,17
output/campbells/output/image_vectors/progresso109.jpg.npy,16
output/campbells/output/image_vectors/campbells704.jpg.npy,5
output/campbells/output/image_vectors/campbells991.jpg.npy,18
output/campbells/output/image_vectors/campbells868.jpg.npy,4
output/campbells/output/image_vectors/cupnoodles11.jpg.npy,10
output/campbells/output/image_vectors/campbells706.jpg.npy,9
output/campbells/output/image_vectors/progresso233.jpg.npy,11
output/campbells/output/image_vectors/progresso164.jpg.npy,5
output/campbells/output/image_vectors/campbells688.jpg.npy,12
output/campbells/output/image_vectors/campbells430.jpg.npy,12
output/campbells/output/image_vectors/campbells509.jpg.npy,11
output/campbells/output/image_vectors/campbells536.jpg.npy,17
output/campbells/output/image_vectors/campbells603.jpg.npy,9
output/campbells/output/image_vectors/campbells124.jpg.npy,8
output/campbells/output/image_vectors/progresso474.jpg.npy,2
output/campbells/output/image_vectors/progresso6.jpg.npy,5
output/campbells/output/image_vectors/progresso110.jpg.npy,19
output/campbells/output/image_vectors/progresso279.jpg.npy,1
output/campbells/output/image_vectors/campbells680.jpg.npy,11
output/campbells/output/image_vectors/campbells238.jpg.npy,7
output/campbells/output/image_vectors/campbells409.jpg.npy,6
output/campbells/output/image_vectors/progresso104.jpg.npy,19
output/campbells/output/image_vectors/campbells891.jpg.npy,9
output/campbells/output/image_vectors/campbells364.jpg.npy,10
output/campbells/output/image_vectors/progresso88.jpg.npy,19
output/campbells/output/image_vectors/campbells419.jpg.npy,13
output/campbells/output/image_vectors/progresso13.jpg.npy,19
output/campbells/output/image_vectors/campbells914.jpg.npy,10
output/campbells/output/image_vectors/campbells934.jpg.npy,10
output/campbells/output/image_vectors/campbells0.jpg.npy,6
output/campbells/output/image_vectors/campbells839.jpg.npy,9
output/campbells/output/image_vectors/campbells160.jpg.npy,12
output/campbells/output/image_vectors/campbells23.jpg.npy,3
output/campbells/output/image_vectors/campbells637.jpg.npy,6
output/campbells/output/image_vectors/campbells708.jpg.npy,1
output/campbells/output/image_vectors/progresso388.jpg.npy,7
output/campbells/output/image_vectors/campbells771.jpg.npy,9
output/campbells/output/image_vectors/campbells886.jpg.npy,6
output/campbells/output/image_vectors/campbells861.jpg.npy,1
output/campbells/output/image_vectors/campbells245.jpg.npy,12
output/campbells/output/image_vectors/progresso221.jpg.npy,19
output/campbells/output/image_vectors/progresso271.jpg.npy,7
output/campbells/output/image_vectors/campbells362.jpg.npy,5
output/campbells/output/image_vectors/progresso470.jpg.npy,10
output/campbells/output/image_vectors/campbells642.jpg.npy,2
output/campbells/output/image_vectors/campbells524.jpg.npy,9
output/campbells/output/image_vectors/campbells767.jpg.npy,10
output/campbells/output/image_vectors/campbells608.jpg.npy,11
output/campbells/output/image_vectors/campbells972.jpg.npy,4
output/campbells/output/image_vectors/progresso66.jpg.npy,2
output/campbells/output/image_vectors/progresso371.jpg.npy,13
output/campbells/output/image_vectors/campbells39.jpg.npy,8
output/campbells/output/image_vectors/campbells1005.jpg.npy,4
output/campbells/output/image_vectors/campbells203.jpg.npy,6
output/campbells/output/image_vectors/campbells733.jpg.npy,10
output/campbells/output/image_vectors/progresso409.jpg.npy,13
output/campbells/output/image_vectors/progresso178.jpg.npy,8
output/campbells/output/image_vectors/progresso181.jpg.npy,19
output/campbells/output/image_vectors/campbells300.jpg.npy,17
output/campbells/output/image_vectors/campbells700.jpg.npy,6
output/campbells/output/image_vectors/campbells994.jpg.npy,4
output/campbells/output/image_vectors/progresso167.jpg.npy,5
output/campbells/output/image_vectors/progresso7.jpg.npy,0
output/campbells/output/image_vectors/campbells472.jpg.npy,6
output/campbells/output/image_vectors/progresso355.jpg.npy,19
output/campbells/output/image_vectors/progresso368.jpg.npy,8
output/campbells/output/image_vectors/progresso75.jpg.npy,4
output/campbells/output/image_vectors/progresso50.jpg.npy,0
output/campbells/output/image_vectors/campbells841.jpg.npy,2
output/campbells/output/image_vectors/campbells290.jpg.npy,17
output/campbells/output/image_vectors/progresso399.jpg.npy,7
output/campbells/output/image_vectors/progresso15.jpg.npy,2
output/campbells/output/image_vectors/campbells548.jpg.npy,10
output/campbells/output/image_vectors/campbells55.jpg.npy,5
output/campbells/output/image_vectors/progresso226.jpg.npy,2
output/campbells/output/image_vectors/campbells30.jpg.npy,12
output/campbells/output/image_vectors/campbells136.jpg.npy,12
output/campbells/output/image_vectors/progresso274.jpg.npy,7
output/campbells/output/image_vectors/cupnoodles9.jpg.npy,10
output/campbells/output/image_vectors/campbells482.jpg.npy,10
output/campbells/output/image_vectors/campbells896.jpg.npy,1
output/campbells/output/image_vectors/campbells334.jpg.npy,5
output/campbells/output/image_vectors/progresso171.jpg.npy,19
output/campbells/output/image_vectors/campbells58.jpg.npy,5
output/campbells/output/image_vectors/campbells570.jpg.npy,10
output/campbells/output/image_vectors/campbells352.jpg.npy,9
output/campbells/output/image_vectors/campbells832.jpg.npy,2
output/campbells/output/image_vectors/campbells123.jpg.npy,12
output/campbells/output/image_vectors/campbells307.jpg.npy,10
output/campbells/output/image_vectors/progresso60.jpg.npy,0
output/campbells/output/image_vectors/progresso505.jpg.npy,12
output/campbells/output/image_vectors/campbells361.jpg.npy,17
output/campbells/output/image_vectors/campbells730.jpg.npy,6
output/campbells/output/image_vectors/campbells960.jpg.npy,8
output/campbells/output/image_vectors/progresso56.jpg.npy,0
output/campbells/output/image_vectors/campbells984.jpg.npy,4
output/campbells/output/image_vectors/progresso381.jpg.npy,1
output/campbells/output/image_vectors/progresso424.jpg.npy,19
output/campbells/output/image_vectors/progresso2.jpg.npy,7
output/campbells/output/image_vectors/campbells99.jpg.npy,12
output/campbells/output/image_vectors/campbells22.jpg.npy,6
output/campbells/output/image_vectors/campbells836.jpg.npy,14
output/campbells/output/image_vectors/campbells739.jpg.npy,2
output/campbells/output/image_vectors/progresso98.jpg.npy,0
output/campbells/output/image_vectors/campbells565.jpg.npy,11
output/campbells/output/image_vectors/campbells205.jpg.npy,17
output/campbells/output/image_vectors/campbells438.jpg.npy,8
output/campbells/output/image_vectors/progresso147.jpg.npy,11
output/campbells/output/image_vectors/campbells791.jpg.npy,6
output/campbells/output/image_vectors/progresso408.jpg.npy,5
output/campbells/output/image_vectors/campbells888.jpg.npy,2
output/campbells/output/image_vectors/progresso448.jpg.npy,15
output/campbells/output/image_vectors/progresso151.jpg.npy,11
output/campbells/output/image_vectors/campbells741.jpg.npy,10
output/campbells/output/image_vectors/campbells349.jpg.npy,3
output/campbells/output/image_vectors/campbells137.jpg.npy,17
output/campbells/output/image_vectors/progresso308.jpg.npy,10
output/campbells/output/image_vectors/campbells600.jpg.npy,17
output/campbells/output/image_vectors/campbells883.jpg.npy,10
output/campbells/output/image_vectors/campbells114.jpg.npy,19
output/campbells/output/image_vectors/progresso478.jpg.npy,15
output/campbells/output/image_vectors/progresso494.jpg.npy,15
output/campbells/output/image_vectors/campbells150.jpg.npy,10
output/campbells/output/image_vectors/campbells443.jpg.npy,17
output/campbells/output/image_vectors/campbells179.jpg.npy,14
output/campbells/output/image_vectors/campbells750.jpg.npy,17
output/campbells/output/image_vectors/campbells696.jpg.npy,9
output/campbells/output/image_vectors/progresso397.jpg.npy,19
output/campbells/output/image_vectors/progresso256.jpg.npy,2
output/campbells/output/image_vectors/campbells715.jpg.npy,10
output/campbells/output/image_vectors/progresso78.jpg.npy,14
output/campbells/output/image_vectors/campbells805.jpg.npy,13
output/campbells/output/image_vectors/campbells553.jpg.npy,9
output/campbells/output/image_vectors/progresso343.jpg.npy,13
output/campbells/output/image_vectors/campbells95.jpg.npy,9
output/campbells/output/image_vectors/campbells933.jpg.npy,10
output/campbells/output/image_vectors/progresso143.jpg.npy,11
output/campbells/output/image_vectors/campbells502.jpg.npy,8
output/campbells/output/image_vectors/progresso159.jpg.npy,16
output/campbells/output/image_vectors/campbells620.jpg.npy,6
output/campbells/output/image_vectors/campbells287.jpg.npy,19
output/campbells/output/image_vectors/progresso379.jpg.npy,1
output/campbells/output/image_vectors/progresso462.jpg.npy,2
output/campbells/output/image_vectors/progresso94.jpg.npy,2
output/campbells/output/image_vectors/campbells372.jpg.npy,17
output/campbells/output/image_vectors/campbells919.jpg.npy,1
output/campbells/output/image_vectors/progresso290.jpg.npy,1
output/campbells/output/image_vectors/campbells988.jpg.npy,18
output/campbells/output/image_vectors/campbells333.jpg.npy,17
output/campbells/output/image_vectors/campbells770.jpg.npy,3
output/campbells/output/image_vectors/progresso273.jpg.npy,13
output/campbells/output/image_vectors/campbells460.jpg.npy,1
output/campbells/output/image_vectors/progresso230.jpg.npy,2
output/campbells/output/image_vectors/campbells885.jpg.npy,2
output/campbells/output/image_vectors/campbells141.jpg.npy,9
output/campbells/output/image_vectors/campbells54.jpg.npy,10
output/campbells/output/image_vectors/campbells807.jpg.npy,13
output/campbells/output/image_vectors/progresso86.jpg.npy,6
output/campbells/output/image_vectors/campbells796.jpg.npy,8
output/campbells/output/image_vectors/progresso200.jpg.npy,0
output/campbells/output/image_vectors/campbells471.jpg.npy,17
output/campbells/output/image_vectors/campbells980.jpg.npy,18
output/campbells/output/image_vectors/campbells701.jpg.npy,10
output/campbells/output/image_vectors/campbells338.jpg.npy,9
output/campbells/output/image_vectors/campbells512.jpg.npy,9
output/campbells/output/image_vectors/campbells255.jpg.npy,9
output/campbells/output/image_vectors/campbells450.jpg.npy,17
output/campbells/output/image_vectors/campbells533.jpg.npy,17
output/campbells/output/image_vectors/progresso165.jpg.npy,5
output/campbells/output/image_vectors/campbells162.jpg.npy,5
output/campbells/output/image_vectors/progresso323.jpg.npy,17
output/campbells/output/image_vectors/campbells532.jpg.npy,14
output/campbells/output/image_vectors/progresso27.jpg.npy,7
output/campbells/output/image_vectors/progresso71.jpg.npy,12
output/campbells/output/image_vectors/progresso128.jpg.npy,11
output/campbells/output/image_vectors/campbells283.jpg.npy,12
output/campbells/output/image_vectors/campbells53.jpg.npy,5
output/campbells/output/image_vectors/campbells491.jpg.npy,10
output/campbells/output/image_vectors/campbells389.jpg.npy,12
output/campbells/output/image_vectors/campbells495.jpg.npy,8
output/campbells/output/image_vectors/campbells130.jpg.npy,11
output/campbells/output/image_vectors/progresso438.jpg.npy,12
output/campbells/output/image_vectors/campbells46.jpg.npy,17
output/campbells/output/image_vectors/progresso149.jpg.npy,16
output/campbells/output/image_vectors/campbells944.jpg.npy,4
output/campbells/output/image_vectors/progresso34.jpg.npy,14
output/campbells/output/image_vectors/campbells518.jpg.npy,14
output/campbells/output/image_vectors/campbells399.jpg.npy,12
output/campbells/output/image_vectors/progresso456.jpg.npy,17
output/campbells/output/image_vectors/campbells539.jpg.npy,5
output/campbells/output/image_vectors/progresso411.jpg.npy,17
output/campbells/output/image_vectors/campbells942.jpg.npy,10
output/campbells/output/image_vectors/campbells866.jpg.npy,9
output/campbells/output/image_vectors/progresso4.jpg.npy,0
output/campbells/output/image_vectors/campbells328.jpg.npy,11
output/campbells/output/image_vectors/progresso410.jpg.npy,13
output/campbells/output/image_vectors/progresso433.jpg.npy,19
output/campbells/output/image_vectors/campbells229.jpg.npy,6
output/campbells/output/image_vectors/campbells900.jpg.npy,10
output/campbells/output/image_vectors/progresso414.jpg.npy,13
output/campbells/output/image_vectors/campbells762.jpg.npy,5
output/campbells/output/image_vectors/campbells574.jpg.npy,6
output/campbells/output/image_vectors/campbells748.jpg.npy,8
output/campbells/output/image_vectors/progresso357.jpg.npy,0
output/campbells/output/image_vectors/progresso237.jpg.npy,6
output/campbells/output/image_vectors/cupnoodles14.jpg.npy,12
output/campbells/output/image_vectors/campbells195.jpg.npy,7
output/campbells/output/image_vectors/progresso365.jpg.npy,2
output/campbells/output/image_vectors/cupnoodles22.jpg.npy,17
output/campbells/output/image_vectors/progresso45.jpg.npy,10
output/campbells/output/image_vectors/progresso215.jpg.npy,7
output/campbells/output/image_vectors/campbells802.jpg.npy,13
output/campbells/output/image_vectors/campbells250.jpg.npy,9
output/campbells/output/image_vectors/progresso288.jpg.npy,5
output/campbells/output/image_vectors/campbells905.jpg.npy,2
output/campbells/output/image_vectors/campbells943.jpg.npy,8
output/campbells/output/image_vectors/campbells71.jpg.npy,1
output/campbells/output/image_vectors/progresso264.jpg.npy,13
output/campbells/output/image_vectors/campbells709.jpg.npy,10
output/campbells/output/image_vectors/campbells380.jpg.npy,17
output/campbells/output/image_vectors/progresso185.jpg.npy,14
output/campbells/output/image_vectors/progresso251.jpg.npy,8
output/campbells/output/image_vectors/campbells965.jpg.npy,1
output/campbells/output/image_vectors/campbells323.jpg.npy,3
output/campbells/output/image_vectors/campbells313.jpg.npy,11
output/campbells/output/image_vectors/campbells480.jpg.npy,17
output/campbells/output/image_vectors/campbells484.jpg.npy,14
output/campbells/output/image_vectors/campbells640.jpg.npy,10
output/campbells/output/image_vectors/campbells880.jpg.npy,10
output/campbells/output/image_vectors/campbells208.jpg.npy,19
output/campbells/output/image_vectors/campbells398.jpg.npy,3
output/campbells/output/image_vectors/progresso479.jpg.npy,15
output/campbells/output/image_vectors/campbells941.jpg.npy,9
output/campbells/output/image_vectors/campbells1003.jpg.npy,4
output/campbells/output/image_vectors/campbells303.jpg.npy,13
output/campbells/output/image_vectors/campbells122.jpg.npy,8
output/campbells/output/image_vectors/campbells467.jpg.npy,17
output/campbells/output/image_vectors/progresso314.jpg.npy,2
output/campbells/output/image_vectors/progresso117.jpg.npy,13
output/campbells/output/image_vectors/progresso17.jpg.npy,2
output/campbells/output/image_vectors/campbells834.jpg.npy,4
output/campbells/output/image_vectors/campbells97.jpg.npy,7
output/campbells/output/image_vectors/campbells793.jpg.npy,17
output/campbells/output/image_vectors/campbells797.jpg.npy,5
output/campbells/output/image_vectors/progresso247.jpg.npy,8
output/campbells/output/image_vectors/campbells412.jpg.npy,11
output/campbells/output/image_vectors/progresso303.jpg.npy,10
output/campbells/output/image_vectors/campbells809.jpg.npy,14
output/campbells/output/image_vectors/progresso232.jpg.npy,2
output/campbells/output/image_vectors/campbells871.jpg.npy,19
output/campbells/output/image_vectors/progresso375.jpg.npy,5
output/campbells/output/image_vectors/campbells812.jpg.npy,7
output/campbells/output/image_vectors/progresso93.jpg.npy,6
output/campbells/output/image_vectors/campbells961.jpg.npy,5
output/campbells/output/image_vectors/campbells785.jpg.npy,14
output/campbells/output/image_vectors/campbells488.jpg.npy,6
output/campbells/output/image_vectors/campbells783.jpg.npy,19
output/campbells/output/image_vectors/campbells759.jpg.npy,10
output/campbells/output/image_vectors/campbells541.jpg.npy,8
output/campbells/output/image_vectors/progresso425.jpg.npy,7
output/campbells/output/image_vectors/campbells725.jpg.npy,3
output/campbells/output/image_vectors/progresso123.jpg.npy,8
output/campbells/output/image_vectors/progresso329.jpg.npy,13
output/campbells/output/image_vectors/campbells42.jpg.npy,8
output/campbells/output/image_vectors/campbells406.jpg.npy,10
output/campbells/output/image_vectors/campbells821.jpg.npy,2
output/campbells/output/image_vectors/campbells43.jpg.npy,14
output/campbells/output/image_vectors/progresso156.jpg.npy,11
output/campbells/output/image_vectors/progresso309.jpg.npy,13
output/campbells/output/image_vectors/progresso245.jpg.npy,9
output/campbells/output/image_vectors/campbells145.jpg.npy,10
output/campbells/output/image_vectors/campbells478.jpg.npy,6
output/campbells/output/image_vectors/campbells859.jpg.npy,9
output/campbells/output/image_vectors/progresso382.jpg.npy,1
output/campbells/output/image_vectors/campbells503.jpg.npy,8
output/campbells/output/image_vectors/campbells80.jpg.npy,5
output/campbells/output/image_vectors/campbells557.jpg.npy,10
output/campbells/output/image_vectors/progresso187.jpg.npy,0
output/campbells/output/image_vectors/progresso339.jpg.npy,2
output/campbells/output/image_vectors/campbells738.jpg.npy,3
output/campbells/output/image_vectors/campbells822.jpg.npy,2
output/campbells/output/image_vectors/campbells220.jpg.npy,9
output/campbells/output/image_vectors/campbells953.jpg.npy,4
output/campbells/output/image_vectors/campbells889.jpg.npy,1
output/campbells/output/image_vectors/progresso324.jpg.npy,17
output/campbells/output/image_vectors/progresso192.jpg.npy,7
output/campbells/output/image_vectors/progresso203.jpg.npy,19
output/campbells/output/image_vectors/campbells773.jpg.npy,14
output/campbells/output/image_vectors/campbells67.jpg.npy,12
output/campbells/output/image_vectors/campbells897.jpg.npy,9
output/campbells/output/image_vectors/progresso295.jpg.npy,11
output/campbells/output/image_vectors/campbells543.jpg.npy,9
output/campbells/output/image_vectors/campbells602.jpg.npy,9
output/campbells/output/image_vectors/campbells545.jpg.npy,9
output/campbells/output/image_vectors/campbells390.jpg.npy,9
output/campbells/output/image_vectors/progresso132.jpg.npy,11
output/campbells/output/image_vectors/campbells810.jpg.npy,2
output/campbells/output/image_vectors/campbells845.jpg.npy,13
output/campbells/output/image_vectors/campbells813.jpg.npy,19
output/campbells/output/image_vectors/campbells904.jpg.npy,2
output/campbells/output/image_vectors/campbells815.jpg.npy,6
output/campbells/output/image_vectors/campbells60.jpg.npy,17
output/campbells/output/image_vectors/campbells825.jpg.npy,6
output/campbells/output/image_vectors/campbells986.jpg.npy,4
output/campbells/output/image_vectors/progresso258.jpg.npy,19
output/campbells/output/image_vectors/campbells297.jpg.npy,12
output/campbells/output/image_vectors/campbells32.jpg.npy,5
output/campbells/output/image_vectors/campbells806.jpg.npy,2
output/campbells/output/image_vectors/campbells394.jpg.npy,3
output/campbells/output/image_vectors/campbells698.jpg.npy,3
output/campbells/output/image_vectors/progresso240.jpg.npy,7
output/campbells/output/image_vectors/progresso253.jpg.npy,7
output/campbells/output/image_vectors/campbells462.jpg.npy,5
output/campbells/output/image_vectors/campbells501.jpg.npy,6
output/campbells/output/image_vectors/campbells916.jpg.npy,10
output/campbells/output/image_vectors/campbells271.jpg.npy,11
output/campbells/output/image_vectors/campbells826.jpg.npy,0
output/campbells/output/image_vectors/progresso82.jpg.npy,5
output/campbells/output/image_vectors/campbells232.jpg.npy,3
output/campbells/output/image_vectors/progresso404.jpg.npy,19
output/campbells/output/image_vectors/progresso484.jpg.npy,10
output/campbells/output/image_vectors/progresso432.jpg.npy,19
output/campbells/output/image_vectors/progresso30.jpg.npy,0
output/campbells/output/image_vectors/campbells343.jpg.npy,17
output/campbells/output/image_vectors/campbells513.jpg.npy,10
output/campbells/output/image_vectors/campbells728.jpg.npy,10
output/campbells/output/image_vectors/campbells987.jpg.npy,18
output/campbells/output/image_vectors/progresso398.jpg.npy,3
output/campbells/output/image_vectors/campbells56.jpg.npy,3
output/campbells/output/image_vectors/progresso393.jpg.npy,10
output/campbells/output/image_vectors/campbells903.jpg.npy,1
output/campbells/output/image_vectors/campbells230.jpg.npy,10
output/campbells/output/image_vectors/campbells918.jpg.npy,4
output/campbells/output/image_vectors/campbells400.jpg.npy,10
output/campbells/output/image_vectors/campbells695.jpg.npy,1
output/campbells/output/image_vectors/campbells410.jpg.npy,1
output/campbells/output/image_vectors/campbells72.jpg.npy,12
output/campbells/output/image_vectors/campbells140.jpg.npy,5
output/campbells/output/image_vectors/campbells129.jpg.npy,10
output/campbells/output/image_vectors/campbells134.jpg.npy,10
output/campbells/output/image_vectors/campbells624.jpg.npy,8
output/campbells/output/image_vectors/campbells280.jpg.npy,10
output/campbells/output/image_vectors/campbells573.jpg.npy,14
output/campbells/output/image_vectors/campbells932.jpg.npy,6
output/campbells/output/image_vectors/progresso344.jpg.npy,13
output/campbells/output/image_vectors/progresso430.jpg.npy,7
output/campbells/output/image_vectors/campbells969.jpg.npy,4
output/campbells/output/image_vectors/campbells322.jpg.npy,10
output/campbells/output/image_vectors/progresso142.jpg.npy,16
output/campbells/output/image_vectors/campbells424.jpg.npy,17
output/campbells/output/image_vectors/campbells254.jpg.npy,7
output/campbells/output/image_vectors/campbells315.jpg.npy,11
output/campbells/output/image_vectors/campbells556.jpg.npy,10
output/campbells/output/image_vectors/campbells420.jpg.npy,11
output/campbells/output/image_vectors/campbells461.jpg.npy,1
output/campbells/output/image_vectors/campbells166.jpg.npy,5
output/campbells/output/image_vectors/campbells489.jpg.npy,10
output/campbells/output/image_vectors/progresso239.jpg.npy,2
output/campbells/output/image_vectors/campbells481.jpg.npy,9
output/campbells/output/image_vectors/progresso435.jpg.npy,19
output/campbells/output/image_vectors/progresso383.jpg.npy,17
output/campbells/output/image_vectors/progresso305.jpg.npy,11
output/campbells/output/image_vectors/campbells804.jpg.npy,13
output/campbells/output/image_vectors/campbells564.jpg.npy,10
output/campbells/output/image_vectors/progresso352.jpg.npy,2
output/campbells/output/image_vectors/progresso481.jpg.npy,1
output/campbells/output/image_vectors/campbells627.jpg.npy,12
output/campbells/output/image_vectors/campbells155.jpg.npy,12
output/campbells/output/image_vectors/campbells246.jpg.npy,12
output/campbells/output/image_vectors/progresso270.jpg.npy,1
output/campbells/output/image_vectors/campbells74.jpg.npy,12
output/campbells/output/image_vectors/campbells811.jpg.npy,2
output/campbells/output/image_vectors/campbells451.jpg.npy,17
output/campbells/output/image_vectors/campbells625.jpg.npy,8
output/campbells/output/image_vectors/campbells667.jpg.npy,17
output/campbells/output/image_vectors/campbells992.jpg.npy,4
output/campbells/output/image_vectors/campbells75.jpg.npy,5
output/campbells/output/image_vectors/cupnoodles16.jpg.npy,10
output/campbells/output/image_vectors/campbells25.jpg.npy,12
output/campbells/output/image_vectors/campbells732.jpg.npy,2
output/campbells/output/image_vectors/progresso77.jpg.npy,5
output/campbells/output/image_vectors/progresso439.jpg.npy,10
output/campbells/output/image_vectors/campbells786.jpg.npy,14
output/campbells/output/image_vectors/campbells857.jpg.npy,17
output/campbells/output/image_vectors/campbells152.jpg.npy,8
output/campbells/output/image_vectors/progresso24.jpg.npy,0
output/campbells/output/image_vectors/progresso64.jpg.npy,0
output/campbells/output/image_vectors/campbells48.jpg.npy,8
output/campbells/output/image_vectors/campbells601.jpg.npy,9
output/campbells/output/image_vectors/campbells248.jpg.npy,0
output/campbells/output/image_vectors/campbells33.jpg.npy,3
output/campbells/output/image_vectors/campbells820.jpg.npy,6
output/campbells/output/image_vectors/campbells79.jpg.npy,5
output/campbells/output/image_vectors/campbells569.jpg.npy,10
output/campbells/output/image_vectors/progresso0.jpg.npy,7
output/campbells/output/image_vectors/campbells373.jpg.npy,8
output/campbells/output/image_vectors/progresso401.jpg.npy,11
output/campbells/output/image_vectors/progresso349.jpg.npy,1
output/campbells/output/image_vectors/campbells433.jpg.npy,18
output/campbells/output/image_vectors/progresso224.jpg.npy,11
output/campbells/output/image_vectors/campbells1001.jpg.npy,4
output/campbells/output/image_vectors/campbells846.jpg.npy,6
output/campbells/output/image_vectors/campbells718.jpg.npy,3
output/campbells/output/image_vectors/campbells96.jpg.npy,6
output/campbells/output/image_vectors/progresso419.jpg.npy,19
output/campbells/output/image_vectors/progresso472.jpg.npy,2
output/campbells/output/image_vectors/campbells819.jpg.npy,13
output/campbells/output/image_vectors/progresso503.jpg.npy,17
output/campbells/output/image_vectors/campbells584.jpg.npy,9
output/campbells/output/image_vectors/progresso321.jpg.npy,2
output/campbells/output/image_vectors/campbells383.jpg.npy,12
output/campbells/output/image_vectors/campbells639.jpg.npy,10
output/campbells/output/image_vectors/campbells976.jpg.npy,18
output/campbells/output/image_vectors/progresso23.jpg.npy,14
output/campbells/output/image_vectors/progresso236.jpg.npy,9
output/campbells/output/image_vectors/campbells15.jpg.npy,11
output/campbells/output/image_vectors/campbells954.jpg.npy,4
output/campbells/output/image_vectors/progresso283.jpg.npy,17
output/campbells/output/image_vectors/progresso199.jpg.npy,19
output/campbells/output/image_vectors/campbells21.jpg.npy,5
output/campbells/output/image_vectors/campbells622.jpg.npy,11
output/campbells/output/image_vectors/campbells781.jpg.npy,14
output/campbells/output/image_vectors/campbells985.jpg.npy,4
output/campbells/output/image_vectors/progresso39.jpg.npy,7
output/campbells/output/image_vectors/campbells872.jpg.npy,18
output/campbells/output/image_vectors/campbells47.jpg.npy,6
output/campbells/output/image_vectors/campbells604.jpg.npy,5
output/campbells/output/image_vectors/campbells261.jpg.npy,9
output/campbells/output/image_vectors/campbells939.jpg.npy,2
output/campbells/output/image_vectors/campbells51.jpg.npy,11
output/campbells/output/image_vectors/campbells144.jpg.npy,12
output/campbells/output/image_vectors/campbells391.jpg.npy,3
output/campbells/output/image_vectors/campbells219.jpg.npy,12
output/campbells/output/image_vectors/campbells681.jpg.npy,17
output/campbells/output/image_vectors/campbells901.jpg.npy,10
output/campbells/output/image_vectors/campbells331.jpg.npy,10
output/campbells/output/image_vectors/campbells363.jpg.npy,9
output/campbells/output/image_vectors/campbells678.jpg.npy,11
output/campbells/output/image_vectors/progresso294.jpg.npy,10
output/campbells/output/image_vectors/campbells281.jpg.npy,1
output/campbells/output/image_vectors/progresso217.jpg.npy,0
output/campbells/output/image_vectors/campbells421.jpg.npy,17
output/campbells/output/image_vectors/campbells648.jpg.npy,10
output/campbells/output/image_vectors/campbells154.jpg.npy,9
output/campbells/output/image_vectors/campbells572.jpg.npy,10
output/campbells/output/image_vectors/campbells605.jpg.npy,9
output/campbells/output/image_vectors/campbells607.jpg.npy,9
output/campbells/output/image_vectors/progresso492.jpg.npy,15
output/campbells/output/image_vectors/progresso219.jpg.npy,19
output/campbells/output/image_vectors/campbells921.jpg.npy,17
output/campbells/output/image_vectors/campbells554.jpg.npy,9
output/campbells/output/image_vectors/progresso160.jpg.npy,11
output/campbells/output/image_vectors/campbells712.jpg.npy,8
output/campbells/output/image_vectors/campbells837.jpg.npy,6
output/campbells/output/image_vectors/cupnoodles21.jpg.npy,3
output/campbells/output/image_vectors/progresso61.jpg.npy,0
output/campbells/output/image_vectors/campbells749.jpg.npy,10
output/campbells/output/image_vectors/campbells395.jpg.npy,6
output/campbells/output/image_vectors/campbells777.jpg.npy,14
output/campbells/output/image_vectors/campbells676.jpg.npy,11
output/campbells/output/image_vectors/campbells526.jpg.npy,17
output/campbells/output/image_vectors/cupnoodles8.jpg.npy,10
output/campbells/output/image_vectors/progresso455.jpg.npy,13
output/campbells/output/image_vectors/campbells920.jpg.npy,4
output/campbells/output/image_vectors/campbells276.jpg.npy,8
output/campbells/output/image_vectors/progresso359.jpg.npy,2
output/campbells/output/image_vectors/campbells726.jpg.npy,10
output/campbells/output/image_vectors/campbells483.jpg.npy,6
output/campbells/output/image_vectors/campbells309.jpg.npy,9
output/campbells/output/image_vectors/progresso91.jpg.npy,0
output/campbells/output/image_vectors/campbells523.jpg.npy,14
output/campbells/output/image_vectors/campbells621.jpg.npy,14
output/campbells/output/image_vectors/campbells971.jpg.npy,4
output/campbells/output/image_vectors/campbells674.jpg.npy,17
output/campbells/output/image_vectors/campbells457.jpg.npy,17
output/campbells/output/image_vectors/campbells109.jpg.npy,3
output/campbells/output/image_vectors/campbells348.jpg.npy,6
output/campbells/output/image_vectors/campbells294.jpg.npy,10
output/campbells/output/image_vectors/campbells952.jpg.npy,4
output/campbells/output/image_vectors/campbells853.jpg.npy,2
output/campbells/output/image_vectors/progresso291.jpg.npy,1
output/campbells/output/image_vectors/campbells860.jpg.npy,17
output/campbells/output/image_vectors/progresso175.jpg.npy,7
output/campbells/output/image_vectors/campbells768.jpg.npy,10
output/campbells/output/image_vectors/campbells24.jpg.npy,10
output/campbells/output/image_vectors/campbells270.jpg.npy,11
output/campbells/output/image_vectors/campbells504.jpg.npy,9
output/campbells/output/image_vectors/campbells441.jpg.npy,17
output/campbells/output/image_vectors/progresso174.jpg.npy,19
output/campbells/output/image_vectors/campbells583.jpg.npy,3
output/campbells/output/image_vectors/campbells414.jpg.npy,10
output/campbells/output/image_vectors/campbells213.jpg.npy,3
output/campbells/output/image_vectors/campbells660.jpg.npy,10
output/campbells/output/image_vectors/campbells282.jpg.npy,1
output/campbells/output/image_vectors/campbells849.jpg.npy,6
output/campbells/output/image_vectors/campbells29.jpg.npy,3
output/campbells/output/image_vectors/campbells511.jpg.npy,6
output/campbells/output/image_vectors/progresso51.jpg.npy,0
output/campbells/output/image_vectors/campbells298.jpg.npy,1
output/campbells/output/image_vectors/campbells259.jpg.npy,6
output/campbells/output/image_vectors/campbells16.jpg.npy,19
output/campbells/output/image_vectors/campbells626.jpg.npy,8
output/campbells/output/image_vectors/campbells408.jpg.npy,17
output/campbells/output/image_vectors/progresso377.jpg.npy,13
output/campbells/output/image_vectors/progresso122.jpg.npy,13
output/campbells/output/image_vectors/progresso31.jpg.npy,14
output/campbells/output/image_vectors/progresso338.jpg.npy,2
output/campbells/output/image_vectors/progresso25.jpg.npy,5
output/campbells/output/image_vectors/campbells534.jpg.npy,8
output/campbells/output/image_vectors/campbells899.jpg.npy,17
output/campbells/output/image_vectors/campbells64.jpg.npy,3
output/campbells/output/image_vectors/progresso483.jpg.npy,12
output/campbells/output/image_vectors/campbells963.jpg.npy,5
output/campbells/output/image_vectors/campbells83.jpg.npy,5
output/campbells/output/image_vectors/progresso275.jpg.npy,10
output/campbells/output/image_vectors/campbells769.jpg.npy,14
output/campbells/output/image_vectors/progresso499.jpg.npy,15
output/campbells/output/image_vectors/campbells301.jpg.npy,14
output/campbells/output/image_vectors/progresso451.jpg.npy,1
output/campbells/output/image_vectors/campbells498.jpg.npy,9
output/campbells/output/image_vectors/campbells325.jpg.npy,17
output/campbells/output/image_vectors/progresso238.jpg.npy,7
output/campbells/output/image_vectors/progresso139.jpg.npy,16
output/campbells/output/image_vectors/campbells614.jpg.npy,9
output/campbells/output/image_vectors/campbells955.jpg.npy,18
output/campbells/output/image_vectors/campbells631.jpg.npy,14
output/campbells/output/image_vectors/progresso405.jpg.npy,7
output/campbells/output/image_vectors/progresso418.jpg.npy,8
output/campbells/output/image_vectors/campbells187.jpg.npy,3
output/campbells/output/image_vectors/progresso400.jpg.npy,17
output/campbells/output/image_vectors/campbells630.jpg.npy,0
output/campbells/output/image_vectors/campbells158.jpg.npy,2
output/campbells/output/image_vectors/progresso225.jpg.npy,1
output/campbells/output/image_vectors/campbells416.jpg.npy,6
output/campbells/output/image_vectors/progresso168.jpg.npy,9
output/campbells/output/image_vectors/campbells774.jpg.npy,0
output/campbells/output/image_vectors/campbells256.jpg.npy,1
output/campbells/output/image_vectors/progresso87.jpg.npy,19
output/campbells/output/image_vectors/campbells577.jpg.npy,12
output/campbells/output/image_vectors/progresso482.jpg.npy,12
output/campbells/output/image_vectors/campbells566.jpg.npy,9
output/campbells/output/image_vectors/campbells633.jpg.npy,10
output/campbells/output/image_vectors/progresso11.jpg.npy,8
output/campbells/output/image_vectors/campbells351.jpg.npy,10
output/campbells/output/image_vectors/campbells670.jpg.npy,8
output/campbells/output/image_vectors/campbells752.jpg.npy,17
output/campbells/output/image_vectors/campbells694.jpg.npy,17
output/campbells/output/image_vectors/campbells675.jpg.npy,14
output/campbells/output/image_vectors/campbells964.jpg.npy,5
output/campbells/output/image_vectors/progresso125.jpg.npy,5
output/campbells/output/image_vectors/campbells449.jpg.npy,10
output/campbells/output/image_vectors/campbells269.jpg.npy,11
output/campbells/output/image_vectors/campbells937.jpg.npy,1
output/campbells/output/image_vectors/progresso144.jpg.npy,11
output/campbells/output/image_vectors/cupnoodles13.jpg.npy,10
output/campbells/output/image_vectors/campbells469.jpg.npy,5
output/campbells/output/image_vectors/campbells989.jpg.npy,18
output/campbells/output/image_vectors/campbells78.jpg.npy,12
output/campbells/output/image_vectors/progresso249.jpg.npy,13
output/campbells/output/image_vectors/campbells609.jpg.npy,14
output/campbells/output/image_vectors/campbells641.jpg.npy,10
output/campbells/output/image_vectors/campbells266.jpg.npy,5
output/campbells/output/image_vectors/campbells6.jpg.npy,2
output/campbells/output/image_vectors/progresso255.jpg.npy,7
output/campbells/output/image_vectors/campbells386.jpg.npy,3
output/campbells/output/image_vectors/progresso353.jpg.npy,2
output/campbells/output/image_vectors/progresso42.jpg.npy,0
output/campbells/output/image_vectors/progresso38.jpg.npy,19
output/campbells/output/image_vectors/campbells291.jpg.npy,8
output/campbells/output/image_vectors/campbells831.jpg.npy,8
output/campbells/output/image_vectors/campbells336.jpg.npy,9
output/campbells/output/image_vectors/campbells175.jpg.npy,1
output/campbells/output/image_vectors/campbells651.jpg.npy,14
output/campbells/output/image_vectors/campbells216.jpg.npy,9
output/campbells/output/image_vectors/progresso209.jpg.npy,0
output/campbells/output/image_vectors/campbells388.jpg.npy,9
output/campbells/output/image_vectors/campbells215.jpg.npy,17
output/campbells/output/image_vectors/progresso97.jpg.npy,10
output/campbells/output/image_vectors/campbells679.jpg.npy,14
output/campbells/output/image_vectors/campbells198.jpg.npy,9
output/campbells/output/image_vectors/progresso140.jpg.npy,16
output/campbells/output/image_vectors/campbells434.jpg.npy,10
output/campbells/output/image_vectors/campbells537.jpg.npy,9
output/campbells/output/image_vectors/campbells613.jpg.npy,10
output/campbells/output/image_vectors/campbells174.jpg.npy,10
output/campbells/output/image_vectors/progresso293.jpg.npy,5
output/campbells/output/image_vectors/campbells664.jpg.npy,9
output/campbells/output/image_vectors/progresso429.jpg.npy,7
output/campbells/output/image_vectors/campbells490.jpg.npy,14
output/campbells/output/image_vectors/campbells161.jpg.npy,12
output/campbells/output/image_vectors/campbells870.jpg.npy,18
